twitter_handle,amount_in_usdt,handle,followers
Samiskingsameey,51468.57469676245,samloko,229
travenesia,1710.2974494602504,travenesia,8426
tonytongxue,1592.2003262640308,tonytongxue,429
flashrekt,927.15,flashrekt,7031
markbarrasso,840.0,barrasso,798
Linda_5711,742.3499999999999,linda11man,228
astr0bas3d,690.0,amplice,1005
clemente_DCode,648.8400175998125,dcbuild3r,"[{'code': 50, 'message': 'User not found.'}]"
nicabar,640.5,nicabarnimble,625
llPorZall,525.0,llporzall,2130
sandorreport,500.0,tssandor,2413
0xCharlyfresh,494.8860000000003,charlyfresh,525
defigen,483.42409888342496,ildarman1,1596
gxgexiao,406.1894869590501,bynil,7732
pavlo_baralei,401.73490507602594,prettyfreak,532
iamedwardtay,398.50440000000003,edwardtay,3800
fntupas,336.0,ftupas,182
colinwong771,325.5,snowymaple,148
Poleschuka,321.35588918805746,poleschuka,1296
AlexKatnomov,308.05,montiipilat,291
vincentweisser,292.90000000000003,vincentweisser,3411
Crypto_Lamer,283.5493139894624,cryptolamer,3197
HottieBabeGem,278.6350570962054,hottiebabegem,56327
robot1066,255.49495487375998,robot-cyber,357
cryptobi10,254.625,krzysztof2301,334
rightmantis,252.0,hai-yr,1177
JPS73028701,238.1188337615535,jpsarma,297
mr_stillalive,236.25,mrstillalive,185
sweet123lovely,225.75,mahirsargun,1412
dorio_eth,218.79215367709799,ymo1215,1751
lvbatou123,199.5,guozilialulu,5144
fccxw,189.62088580096196,fccxw,669
nadirachemat,189.0,mashbox77,683
EminemCrypto,188.115958135875,chessmaster2077,953
shuiyuhang,188.11595813587496,bule84,178
Sgmvg6X,185.02610923655774,qiannli,87
Quintus_ssss,173.25000000000003,670312120,196
duffaluffaguss,168.78767631030257,duffaluffaguss,1001
AchmedZaman,164.90646236306029,jdariko45,"[{'code': 63, 'message': 'User has been suspended.'}]"
Congvu163,162.75,vuthecong,183
laochu_eth,160.67794459402876,laochubtc,193
thefrozenfire,157.5,dhaiwat10,124
thefrozenfire,157.5,thefrozenfire,124
dhaiwat10,157.5,dhaiwat10,4456
dhaiwat10,157.5,thefrozenfire,4456
YIN47574925,151.66246239479997,shatdev,"[{'code': 50, 'message': 'User not found.'}]"
aoburuasuyou777,131.25,reefpierre,1860
aoburuasuyou777,131.25,darkdragonzzz,1860
aoburuasuyou777,131.25,yukkysan,1860
libreetheureux,131.25,reefpierre,1676
libreetheureux,131.25,darkdragonzzz,1676
libreetheureux,131.25,yukkysan,1676
darkdragonzzz1,131.25,reefpierre,1721
darkdragonzzz1,131.25,darkdragonzzz,1721
darkdragonzzz1,131.25,yukkysan,1721
nimarazaV,129.3344705112296,sed111,466
BeGoodBoutique,126.0,begood2me,2316
BeGoodBoutique,126.0,cryptowxw,2316
0xooxx,126.0,begood2me,"[{'code': 50, 'message': 'User not found.'}]"
0xooxx,126.0,cryptowxw,"[{'code': 50, 'message': 'User not found.'}]"
bitcoinzhang1,120.75,bitcoinzhang1,34492
_garghimanshu,119.0907118755743,oxhimanshu,122
themoonether,115.0,themoonether,663
ethbenny,110.39519957989735,bennybolivar,298
TheDavidZhou,110.25,daviddzhou,3425
sirapopv,105.0,sirapopv,240
sirapopv,105.0,zachxbt,240
zachxbt,105.0,sirapopv,256083
zachxbt,105.0,zachxbt,256083
cryptovation,100.8,xtasand,"[{'code': 63, 'message': 'User has been suspended.'}]"
by21252059,99.75,byneanea,155
ssup2k,99.28686841782498,ssup2k,269
totomal090202,98.00368180207496,totomal,437
mg,97.65,galligan,33386
EpThuan,96.66930552317329,anhtuan90,129
taurenshaman,96.37845,taurenshaman,287
iheartstonks,94.77382894428752,iroksox,915
Saurois,94.5164379964875,suckhept,1511
Saurois,94.5164379964875,misterekko,1511
overcrypto,94.5164379964875,suckhept,"[{'code': 50, 'message': 'User not found.'}]"
overcrypto,94.5164379964875,misterekko,"[{'code': 50, 'message': 'User not found.'}]"
BjWickz,94.30000000000001,lordvegetaeth,509
bakiii_ee,94.29197255957851,lemogras,"[{'code': 50, 'message': 'User not found.'}]"
zeroyeung,93.44999999999996,zeroyeung,888
Rajesh62,92.41150659754123,rajeshb62,315
RoyalBllood,92.19973939817969,b-lenta,109
chaos6174,89.25,chaos6174,"[{'code': 50, 'message': 'User not found.'}]"
chaos6174,89.25,d1menik,"[{'code': 50, 'message': 'User not found.'}]"
chaos6174,89.25,babarkhaneth,"[{'code': 50, 'message': 'User not found.'}]"
khaanbabar,89.25,chaos6174,15
khaanbabar,89.25,d1menik,15
khaanbabar,89.25,babarkhaneth,15
m0xhnee,89.25,chaos6174,122
m0xhnee,89.25,d1menik,122
m0xhnee,89.25,babarkhaneth,122
ardizor,87.24012317789226,ardizor,780
smintweets,87.01227019565805,smink400,270
happsin12,86.9551229567685,pooja1214124,214
mikebat01,86.1,mikebat01,127
big1219,84.67556650360368,big1219,"[{'code': 63, 'message': 'User has been suspended.'}]"
bartezz19,84.0,bartezz19,345
Xeko1202,81.3,tuananh12022,152
huda7077,79.67735723103894,huda-7077,780
xaochuk321,78.75000000000001,xaochuk,119
iphonecake_com,75.81906315543,hotsjf,64961
sksxhxh1,74.99999999999999,sksxhxh,283
jason2lvlvlv,74.10088738924622,jaxo4life,2229
yuito93506117,73.50000000000001,yuito3,296
xuan1652,73.5,lich1122,"[{'code': 50, 'message': 'User not found.'}]"
xuan1652,73.5,teebsio,"[{'code': 50, 'message': 'User not found.'}]"
teebsio,73.5,lich1122,20001
teebsio,73.5,teebsio,20001
VezirFetahu04,72.65999999999997,vezir04,"[{'code': 50, 'message': 'User not found.'}]"
benlakoff,72.60010317258865,benlakoff,5487
shimaxiaohuaa,72.58862438130248,xiaoma1643,"[{'code': 50, 'message': 'User not found.'}]"
mettahead,72.44999999999999,mettahead,1036
bax1337,72.0281099976585,nickbax,2110
yp_ab5,69.99999999999999,woojin138,1078
IrSykes,69.72837810999371,irman1996,1276
tk20141019,69.14326444294007,tangfi,432
pokl888,68.35500000000002,pokl88,392
igormig77,68.23715683988702,igormig77,988
Kleist65514483,68.07757445225099,kleist486,"[{'code': 50, 'message': 'User not found.'}]"
StevenN71114104,68.051835357471,mrthienbao,102
StevenN71114104,68.051835357471,jinnguyenvt,102
Jinnguyenvt,68.051835357471,mrthienbao,123
Jinnguyenvt,68.051835357471,jinnguyenvt,123
DonahueSw,67.54895305499176,lan658868,188
joeljkrb,66.16150659754125,joeljkrb,109
Bullish49,65.77278902383138,jennalyn20,346
lesliedeng7,65.01847730961711,sanyuejiwang,321
sinomont,65.0,sinouhe1,561
Officialriccom1,64.83570267377694,anitajude,315
lancha1927,64.65,imblackjack1,176
bangpateng_com,64.60820898018476,bangpateng,4589
azimwenn,64.45654651779002,azimwenn,313
mrphnft1,64.04003012949714,dangokun,2883
hululei1987,63.460555861094896,hull1987,126
naihe66132896,63.0,tomisrelad,161
naihe66132896,63.0,naihe11,161
naihe66132896,63.0,n4nw4ll0p,161
naihe66132896,63.0,nohussle,161
HussleNo,63.0,tomisrelad,265
HussleNo,63.0,naihe11,265
HussleNo,63.0,n4nw4ll0p,265
HussleNo,63.0,nohussle,265
WPornmanee,63.0,tomisrelad,331
WPornmanee,63.0,naihe11,331
WPornmanee,63.0,n4nw4ll0p,331
WPornmanee,63.0,nohussle,331
baodaxing,63.0,tomisrelad,261
baodaxing,63.0,naihe11,261
baodaxing,63.0,n4nw4ll0p,261
baodaxing,63.0,nohussle,261
crycrypto39,61.95,iceman028,236
tadonsy,60.9,clark131,186
xiaolouDGB,58.947000000000024,xiaoloudgb,174
olivertylor3,58.8,chhotu24,474
w_a_l__e,58.69845197926239,wale217,113
babygir520_eth,57.46599430186445,qingshe100,267
Tansei13,57.06657315788093,tanisland,162
mi1899lan,56.7098627978925,mi1899lan,896
mi1899lan,56.7098627978925,mi2valley,896
mi2valley,56.7098627978925,mi1899lan,"[{'code': 50, 'message': 'User not found.'}]"
mi2valley,56.7098627978925,mi2valley,"[{'code': 50, 'message': 'User not found.'}]"
ZenKaiiii,56.7,cowbearcowbull,111
crypto_defibtc,54.814602639016506,,"[{'code': 50, 'message': 'User not found.'}]"
iqbalsyaa,54.6,2pai,5722
mahika4i,54.25441704312835,gyanne,750
minago647,53.75,ojizoufx,"[{'code': 50, 'message': 'User not found.'}]"
BtcPapillon,53.649330519911004,neilgithub2021,136
eriksuazo2,53.55,okex8181,163
eriksuazo2,53.55,eriksuazo95,163
okex8181,53.55,okex8181,256
okex8181,53.55,eriksuazo95,256
MsMai_88,53.30727103001892,cuddlykitten88,1874
xiaocaoustb,52.50000000000001,wwbustb,751
damao5800,52.5,gravenp,120
damao5800,52.5,damao5800,120
damao5800,52.5,mjr01,120
CryptoperLol,52.5,gravenp,289
CryptoperLol,52.5,damao5800,289
CryptoperLol,52.5,mjr01,289
gravenprest,52.5,gravenp,278
gravenprest,52.5,damao5800,278
gravenprest,52.5,mjr01,278
cheusol,52.49999999999999,dylanttse,1
Realyn20000879,51.92000444550145,realynf,824
callllllnft,51.48895479427703,jjcattt,"[{'code': 50, 'message': 'User not found.'}]"
MasumAh82119570,51.45,tuhin12341,4384
hiamdoan,51.03887651810326,hiamdoan,193
LinhDinhHuu1,50.8592470430835,huulinh9610,127
acryptoverse,50.4,acryptoverse,11305
acryptoverse,50.4,h134164678,11305
eth_yinger,50.4,acryptoverse,121
eth_yinger,50.4,h134164678,121
frank_cryptra,50.0,frankcryptra,290
consciouslyogi,49.439999999999976,projectsx1,"[{'code': 50, 'message': 'User not found.'}]"
Patryk825,49.349999999999994,patryk825,202
zani27327205,48.480599999999995,zani777,187
0x07e,47.25,monstercry,131
zhou0325,46.620000000000026,zhou0325,233
songbbhol,46.31000000000003,songbbhol,462
big_rango,46.2547657888575,rangoscq,207
birendra3d,45.15,birendra3d,307
tz19186,44.233692982356125,tz8899,295
Legend32176016,44.100000000000016,legendggdd,130
youyouwo1115,43.680000000000035,wupanhui,173
b19bay,43.48049999999994,b19bay,381
tatlee69,43.391720422777624,tatlee69,920
bachtiar58_,43.2168659985951,bachtiar58,443
gratefulhedge,43.1656155987,x0oo11235oo0x,426
wy_yct,42.99749999999999,nerotarbo,92
Biubiuakita,42.000000000000014,bizalog,235
papapp_san,42.00000000000001,asoson,344
AdamLau_eth,42.0,balanlau,130
jomolos,41.70048473548652,carpgoth,1717
wang97915540,41.700484735486505,roweyna,166
evnhsn,40.739836094999994,evnhsn,9342
TED71608815,40.43683368289598,coinmind,513
mgcnb666,40.42500000000003,mgcnb666,141
aoizi,40.4066205189075,seizigou,817
gonzaluisandres,40.175386288382526,luiandresgonzalez,559
lu_xxxia,40.0029571863229,yijingo,227
jetengine11,39.69690395852473,githjason,1392
quiniyedios,39.62304240502775,kaselol,203
TuPan3,38.66772220926932,jkdc3kdia,178
zoujw,38.53850000000003,jingweizou,717
longwanxing,38.47817455138072,qq1463917242,50
reesistancee,37.909531577715015,resistancee,1730
GssOcoSCcTDfCI3,37.806575198595,camaro999,"[{'code': 50, 'message': 'User not found.'}]"
GssOcoSCcTDfCI3,37.806575198595,packerbj,"[{'code': 50, 'message': 'User not found.'}]"
igor_krasulya,37.806575198595,camaro999,374
igor_krasulya,37.806575198595,packerbj,374
xiemoting,37.800000000000004,xiemoting,151
linkpjc,37.8,linkpjc,177
linkpjc,37.8,absanext,177
linkpjc,37.8,chorchain,177
YourAirdropEth,37.8,linkpjc,14866
YourAirdropEth,37.8,absanext,14866
YourAirdropEth,37.8,chorchain,14866
sadiq100x,37.8,linkpjc,"[{'code': 50, 'message': 'User not found.'}]"
sadiq100x,37.8,absanext,"[{'code': 50, 'message': 'User not found.'}]"
sadiq100x,37.8,chorchain,"[{'code': 50, 'message': 'User not found.'}]"
libbychou,37.732782899773376,libby08,7080
NYusmc81,37.623191627175,nyusmc81,157
Rajdolla,37.530436261937844,rajdolla,216
khrispy22,37.275,khrispyshots,228
dinamyc_,37.20000000000001,pouya-barzegar,270
pawaluodi2012,37.11750000000001,zihongren,139
pawaluodi2012,37.11750000000001,zaqwx08,139
pawaluodi2012,37.11750000000001,pawaluodi2012,139
zaqwx08,37.11750000000001,zihongren,145
zaqwx08,37.11750000000001,zaqwx08,145
zaqwx08,37.11750000000001,pawaluodi2012,145
zihongren,37.11750000000001,zihongren,145
zihongren,37.11750000000001,zaqwx08,145
zihongren,37.11750000000001,pawaluodi2012,145
aydn_enes,37.050443694623105,ens0x,200
haibtc123,36.83728594733145,haibtc123,400
xugaohua8120789,36.796200000000006,xx653,1088
wljn001,36.786750000000005,wljn001,140
JESS14JAM,36.785797668232924,yanlinglai,116
JESS14JAM,36.785797668232924,ceci1111,116
yansir1111,36.785797668232924,yanlinglai,122
yansir1111,36.785797668232924,ceci1111,122
Zainizda,36.75,zainizd,200
Zainizda,36.75,borkfelix,200
felixschnigges,36.75,zainizd,165
felixschnigges,36.75,borkfelix,165
VET_Mystic,36.05,takgod1,278
crazyyy_chicken,35.834872286333024,zenthor23,539
Besmae19,35.80500000000002,karenmcabuze,3132
Beni_kels,35.280000000000015,hilmi218,366
00mehmet0011,34.818,cba2121,97
beluyoung,34.65000000000002,frozenblitzs01,"[{'code': 63, 'message': 'User has been suspended.'}]"
Sharath_9,34.650000000000006,sharath117,4152
FebrySaput,34.0448209663348,agil90,513
Web3_Altruist,33.6,tracedao,548
Web3_Altruist,33.6,rosuva,548
RJHT0312,33.6,tracedao,266
RJHT0312,33.6,rosuva,266
li2w25,33.49500000000002,feiyulc,92
li2w25,33.49500000000002,xbwl20,92
Fiyu555599,33.49500000000002,feiyulc,536
Fiyu555599,33.49500000000002,xbwl20,536
arkaismail2,32.34000000000002,tyaga321,"[{'code': 63, 'message': 'User has been suspended.'}]"
GendengWira,32.18576796802722,saniaus,175
CryptoC03744021,32.0,zznatzz,546
DJussiat,31.844006525280623,mhizadore,155
svip_888,31.771797893703994,deeeeeo,2228
trangxau1,31.7575231668198,bestfriendyb9x,"[{'code': 50, 'message': 'User not found.'}]"
miftakya2,31.54704617938626,miftakya,264
bobjiang123,31.500000000000004,aniu1,1906
bobjiang123,31.500000000000004,bobjiang,1906
zocyee,31.500000000000004,aniu1,844
zocyee,31.500000000000004,bobjiang,844
Yogesh32224798,31.5,hifoxdot,326
Yogesh32224798,31.5,bhargavivkothari,326
Yogesh32224798,31.5,is0210,326
Yogesh32224798,31.5,koushikherle,326
Yogesh32224798,31.5,djny45,326
bitcoinyan,31.5,hifoxdot,"[{'code': 50, 'message': 'User not found.'}]"
bitcoinyan,31.5,bhargavivkothari,"[{'code': 50, 'message': 'User not found.'}]"
bitcoinyan,31.5,is0210,"[{'code': 50, 'message': 'User not found.'}]"
bitcoinyan,31.5,koushikherle,"[{'code': 50, 'message': 'User not found.'}]"
bitcoinyan,31.5,djny45,"[{'code': 50, 'message': 'User not found.'}]"
BhargaviKothari,31.5,hifoxdot,1515
BhargaviKothari,31.5,bhargavivkothari,1515
BhargaviKothari,31.5,is0210,1515
BhargaviKothari,31.5,koushikherle,1515
BhargaviKothari,31.5,djny45,1515
koushikkherle,31.5,hifoxdot,2000
koushikkherle,31.5,bhargavivkothari,2000
koushikkherle,31.5,is0210,2000
koushikkherle,31.5,koushikherle,2000
koushikkherle,31.5,djny45,2000
cnkefu,31.5,hifoxdot,163
cnkefu,31.5,bhargavivkothari,163
cnkefu,31.5,is0210,163
cnkefu,31.5,koushikherle,163
cnkefu,31.5,djny45,163
hefeifan119,30.937264686415343,jk1151,85470
zhaoge81539726,30.619999999999994,todd-zhaoge,101
Temiday55700762,30.45,zgs1983,281
Temiday55700762,30.45,temidayore,281
mrbamn1983,30.45,zgs1983,170
mrbamn1983,30.45,temidayore,170
xiexieyixin,30.245260158876004,530475988,666
mainuddin_MC,29.98799999999999,main320,"[{'code': 50, 'message': 'User not found.'}]"
BitFlowerNews,29.8451,jennyywu,555
Gagansingla87,29.755000000000003,gagansingla87,152
gilang84071026,29.72107275692858,tukangnyasar,"[{'code': 50, 'message': 'User not found.'}]"
6yeey6,29.69400000000002,6yeey,143
DanieleSalatti,29.574180166985986,danielesalatti,749
TSEQLl2vAcq1Fy8,29.4,region42,2370
arammebashar,28.732997150932192,aramzcrypto,1718
ezeasy1d,28.72424909909363,ezeasy1d,358
CryptooSkylark,28.38067049372625,iskylark,458
Sympatheia2,28.35493139894625,2sympatheia,109
sarveshagra,28.35,sarveshagra,109
sarveshagra,28.35,aeiouetc,109
niuhairui0115,28.217393720381246,harryanyin,155
theyavuzarslan,28.140000000000008,theyavuzarslan,311
KevinExpress,27.775000000000016,0xhker,141
SophiaMae_023,27.653045845973615,sophiamae23,197
carstenpoetter,27.5,carstenpoetter,453
Rahul31760725,27.484410393843383,rahul-dev9041,130
Ebencarl2,27.42072238079282,ebencarl,202
titi9laem,27.3,linlin8599,199
titi9laem,27.3,lewii1,199
LMPemberthy,27.3,linlin8599,298
LMPemberthy,27.3,lewii1,298
mariahvirtmimi,27.002417778069585,mariyalabonita,263
777_Earth2,26.78100000000001,zssbecker,455
Mooping_KU,26.4646026390165,aeioueth,350
Mooping_KU,26.4646026390165,mooping88,350
wenanchen7,26.259999999999998,chn1413800300,118
tripscommunity,26.250000000000007,lucadgtrip,2326
outcome_dapps,26.25,outcomedapps,1522
outcome_dapps,26.25,makipoyo0605,1522
outcome_dapps,26.25,jaredcohe,1522
outcome_dapps,26.25,qiushaoxi,1522
outcome_dapps,26.25,0xashu,1522
outcome_dapps,26.25,fengge201314,1522
outcome_dapps,26.25,biboudam,1522
jaredcohe,26.25,outcomedapps,1832
jaredcohe,26.25,makipoyo0605,1832
jaredcohe,26.25,jaredcohe,1832
jaredcohe,26.25,qiushaoxi,1832
jaredcohe,26.25,0xashu,1832
jaredcohe,26.25,fengge201314,1832
jaredcohe,26.25,biboudam,1832
Max32263629,26.25,outcomedapps,117
Max32263629,26.25,makipoyo0605,117
Max32263629,26.25,jaredcohe,117
Max32263629,26.25,qiushaoxi,117
Max32263629,26.25,0xashu,117
Max32263629,26.25,fengge201314,117
Max32263629,26.25,biboudam,117
JosQiu,26.25,outcomedapps,692
JosQiu,26.25,makipoyo0605,692
JosQiu,26.25,jaredcohe,692
JosQiu,26.25,qiushaoxi,692
JosQiu,26.25,0xashu,692
JosQiu,26.25,fengge201314,692
JosQiu,26.25,biboudam,692
makippa,26.25,outcomedapps,873
makippa,26.25,makipoyo0605,873
makippa,26.25,jaredcohe,873
makippa,26.25,qiushaoxi,873
makippa,26.25,0xashu,873
makippa,26.25,fengge201314,873
makippa,26.25,biboudam,873
Lessismore1986,26.25,outcomedapps,304
Lessismore1986,26.25,makipoyo0605,304
Lessismore1986,26.25,jaredcohe,304
Lessismore1986,26.25,qiushaoxi,304
Lessismore1986,26.25,0xashu,304
Lessismore1986,26.25,fengge201314,304
Lessismore1986,26.25,biboudam,304
ashu_eth,26.25,outcomedapps,412
ashu_eth,26.25,makipoyo0605,412
ashu_eth,26.25,jaredcohe,412
ashu_eth,26.25,qiushaoxi,412
ashu_eth,26.25,0xashu,412
ashu_eth,26.25,fengge201314,412
ashu_eth,26.25,biboudam,412
murton_,26.249999999999993,iamchono,111
Jeahyunp,26.15,dikacream,"[{'code': 63, 'message': 'User has been suspended.'}]"
olacrypto,26.086536887030544,olasquare271,832
dimaoffshore,25.593040529122497,bulkad,456
njirsidhani,25.20438346573,muhamad-ramadhani,641
1Bitjana,25.2,bitjana,257
1Bitjana,25.2,bdas23791,257
1Bitjana,25.2,mrbluesg,257
Arpita468,25.2,bitjana,108
Arpita468,25.2,bdas23791,108
Arpita468,25.2,mrbluesg,108
mrbluesg17,25.2,bitjana,943
mrbluesg17,25.2,bdas23791,943
mrbluesg17,25.2,mrbluesg,943
ug_becky,24.80111333027833,sunnybest11,166
tmcnylmz,24.732877218267753,timucinylmz,211
HL_PlatONWorld,24.675,haolan-platonworld,"[{'code': 50, 'message': 'User not found.'}]"
Kwonderkiid,24.574273879086753,yujinmuahh,136
rasoul94453617,24.110367071494192,bikas54321,269
laoyouzi123,24.0,jamesyou1,136
sanmishen,23.977778722904738,sanmishen001,111
naijacore,23.88683782718099,abdulramana2,115
parami520,23.822762526217204,parami-pra,543
chukie009,23.272604854482065,chukieix,370
asemen,23.18803278847161,semenka,193
NianHua1111,23.10000000000001,nianhua1113,179
CryptoBotan,22.74936935922,aleksmos,1530
w199604,22.683945119157,aawww777,142
ws280476,22.23100000000001,ws2804763210,170
greatmarj,22.230266216773867,greatmarj,569
GenaAchu,22.05315,genaachu1,"[{'code': 63, 'message': 'User has been suspended.'}]"
Manojya67345756,22.05,19812021,163
okieseth,21.491065120344754,okieseth,143
JKit24,21.445219227489755,jaysonkit241990,290
ErdincGumuss,21.171682111213208,erdincgumus,1018
bestrichakyla,21.000000000000004,maxallat,287
1PranjalBora,21.0,pranshu90,1242
1PranjalBora,21.0,mo386,1242
1PranjalBora,21.0,rinran1111,1242
1PranjalBora,21.0,lzweth,1242
1PranjalBora,21.0,pranjalboracrypto,1242
1PranjalBora,21.0,herofang,1242
1PranjalBora,21.0,allyhernandez,1242
Mohamma31440842,21.0,pranshu90,1286
Mohamma31440842,21.0,mo386,1287
Mohamma31440842,21.0,rinran1111,1286
Mohamma31440842,21.0,lzweth,1286
Mohamma31440842,21.0,pranjalboracrypto,1286
Mohamma31440842,21.0,herofang,1286
Mohamma31440842,21.0,allyhernandez,1286
ahhsun_,21.0,pranshu90,285
ahhsun_,21.0,mo386,285
ahhsun_,21.0,rinran1111,285
ahhsun_,21.0,lzweth,285
ahhsun_,21.0,pranjalboracrypto,285
ahhsun_,21.0,herofang,285
ahhsun_,21.0,allyhernandez,285
Leo17061169,21.0,pranshu90,190
Leo17061169,21.0,mo386,190
Leo17061169,21.0,rinran1111,190
Leo17061169,21.0,lzweth,190
Leo17061169,21.0,pranjalboracrypto,190
Leo17061169,21.0,herofang,190
Leo17061169,21.0,allyhernandez,190
HeroFang5,21.0,pranshu90,160
HeroFang5,21.0,mo386,160
HeroFang5,21.0,rinran1111,160
HeroFang5,21.0,lzweth,160
HeroFang5,21.0,pranjalboracrypto,160
HeroFang5,21.0,herofang,160
HeroFang5,21.0,allyhernandez,160
pancakebunny713,21.0,pranshu90,158
pancakebunny713,21.0,mo386,158
pancakebunny713,21.0,rinran1111,158
pancakebunny713,21.0,lzweth,158
pancakebunny713,21.0,pranjalboracrypto,158
pancakebunny713,21.0,herofang,158
pancakebunny713,21.0,allyhernandez,158
money6037,21.0,pranshu90,1257
money6037,21.0,mo386,1257
money6037,21.0,rinran1111,1257
money6037,21.0,lzweth,1257
money6037,21.0,pranjalboracrypto,1257
money6037,21.0,herofang,1257
money6037,21.0,allyhernandez,1257
Enigma10112870,20.999999999999996,udo4649,352
mehdiaghili0074,20.475,mehdi00749,215
0xis_eth,20.474432423298,irfansanal,11468
wubai0900eth,20.0,lg7877,190
OneYummi,19.8605605517,realys158,"[{'code': 63, 'message': 'User has been suspended.'}]"
QrezelM,19.752175604266878,raindrop504,157
Reziemax,19.600736360415006,airdropdrone,1389
chakka_choka007,19.425,safigee,"[{'code': 50, 'message': 'User not found.'}]"
partyguy_07,19.333861104634654,senevrensel,319
cengmoon,19.32098627978925,zqx210,227
_diyamond,19.28135335128345,ralph749,1091
ayoadeEl,19.106403915168364,oloyetemitope,395
aydmain2,19.054513900091884,aydmainofficial,"[{'code': 50, 'message': 'User not found.'}]"
Nickky321,18.982627540095237,nickobinna,386
alexslobodnik,18.9547657888575,aslobodnik,596
xiaohao67942591,18.9032875992975,xhao123456,270
matrix_neooo,18.9,rexi-ctrl,295
matrix_neooo,18.9,xmenycg,295
matrix_neooo,18.9,icepy,295
i_icepy,18.9,rexi-ctrl,656
i_icepy,18.9,xmenycg,656
i_icepy,18.9,icepy,656
rexinurulfajri,18.9,rexi-ctrl,357
rexinurulfajri,18.9,xmenycg,357
rexinurulfajri,18.9,icepy,357
Linggarsetiawa5,18.689999999999998,linggar155,214
B_xyzZ,18.13158738888426,b-xyzz,98
1Shupikov,18.055055047,prokurator1,232
narb_s,18.05215789415,narbs91,979
zacksxxxx,18.044937030992344,o4051253129,221
Toon_gawd,17.995929794531225,vxx7141,384
deodivine1,17.851598419946,deodivine,3960
cgndxmg,17.85,teibaman,133
verbileisfp,17.769090343339656,plutus12,198
zhihong05,17.6,oscarkhor,225
zerpajose,17.325,zerpajose,229
testnethooman,17.3086019316,spiperah,"[{'code': 50, 'message': 'User not found.'}]"
cakoyo_,17.062027019415,cakoyo,554
Omidrah92878946,17.05928920997175,mahan1397rahimi,248
ferad00866,16.996231625821874,ferat8,1625
Michael73141062,16.937345688970563,michael73141062,166
millerefecte,16.5,vaybabayin,2220
Gots25764756,16.3471279125,sweetie77,462
elderorb,16.24419575625,elderorb,365
Pesconett,15.924558551453996,pesconett,97
blockairdrop,15.878761583409906,garinswari,"[{'code': 50, 'message': 'User not found.'}]"
davidbuoy_,15.878761583409903,mrdavidbuoy,393
atomatomo,15.750000000000004,atomatomo,131
atomatomo,15.750000000000004,imdear,131
atomatomo,15.750000000000004,ichicoin,131
sxxsxxsxxpk,15.750000000000004,atomatomo,"[{'code': 50, 'message': 'User not found.'}]"
sxxsxxsxxpk,15.750000000000004,imdear,"[{'code': 50, 'message': 'User not found.'}]"
sxxsxxsxxpk,15.750000000000004,ichicoin,"[{'code': 50, 'message': 'User not found.'}]"
ichi3270,15.750000000000004,atomatomo,199
ichi3270,15.750000000000004,imdear,199
ichi3270,15.750000000000004,ichicoin,199
ythasanpehlivan,15.75,frllzwrtmn,277
ythasanpehlivan,15.75,papachoi,277
ythasanpehlivan,15.75,cryptoloss,277
relzdrops0x,15.75,frllzwrtmn,1206
relzdrops0x,15.75,papachoi,1206
relzdrops0x,15.75,cryptoloss,1206
CrytoMoony,15.75,frllzwrtmn,412
CrytoMoony,15.75,papachoi,412
CrytoMoony,15.75,cryptoloss,412
bolomichelin,15.749999999999998,bolom,1210
KaycTiong,15.60062620939,kayctiong,164
pixelspoet,15.299999999999997,mancreative,477
PromquinPromise,15.210949508583177,zico50cent,167
IpfsPics,15.18,cloutier,388
Messi61520,15.015,afrojackleo,157
OMGBenido,15.0,omgbenido,341
naijaschoolg,14.744564327452055,techouffin,226
Joydx8,14.489999999999998,joydxofficial,745
luyifan_eth,14.385,luyifanfange,125
arman_mind,14.202670082938859,armansyah07,439
dnnsgan,14.111999999999998,dennisganlove,"[{'code': 50, 'message': 'User not found.'}]"
justyouni_h,14.008035532720614,younih,120
ludekvodicka,14.0,ludekvodicka,119
Clownfish_E,13.979734145925,clownfish-e,105
hi_dollars_army,13.86,cg771106051,"[{'code': 50, 'message': 'User not found.'}]"
digginard,13.859999999999998,bentosetc,122
DogPeoples,13.734361635922728,ichaichai,3801
shangdu2005,13.732499999999998,yuanyueling,177
lenlen50131925,13.732339326615005,jaylen02,336
marcuszhao8,13.718115810810195,cray12,192
wuyufanxin,13.610367071494204,xteemshara,166
wuyufanxin,13.610367071494204,wuyufanxin,166
XteemXchange,13.610367071494204,xteemshara,169
XteemXchange,13.610367071494204,wuyufanxin,169
taoba163,13.436854152562498,taoba163,217
yuto1ebi25,13.199999999999998,paro23,197
notbadjattz,13.16811706951125,notbadjattz,534
bitrie1,13.093764157537349,mnsidik313,95
blaziken9611,12.997553683788,blaziken11,106
thanhnganhoang1,12.927150268000812,tonkimthinh76707,632
bashardundaye,12.753418033659383,bashar365,187
mskankanqiu,12.725999999999999,mskankanqiu,188
zhongji15849020,12.612273486251288,zhongjin188,410
cryptork3,12.600000000000001,jack199022,136
crypto_frt,12.6,ereyli,547
crypto_frt,12.6,admiralspook,547
crypto_frt,12.6,karmpfi,547
crypto_frt,12.6,mgsre1999,547
crypto_frt,12.6,erfanmb169,547
crypto_frt,12.6,dannyphan,547
crypto_frt,12.6,cryptowpanda,547
crypto_frt,12.6,bloomstarbms,547
cryptowpanda,12.6,ereyli,"[{'code': 50, 'message': 'User not found.'}]"
cryptowpanda,12.6,admiralspook,"[{'code': 50, 'message': 'User not found.'}]"
cryptowpanda,12.6,karmpfi,"[{'code': 50, 'message': 'User not found.'}]"
cryptowpanda,12.6,mgsre1999,"[{'code': 50, 'message': 'User not found.'}]"
cryptowpanda,12.6,erfanmb169,"[{'code': 50, 'message': 'User not found.'}]"
cryptowpanda,12.6,dannyphan,"[{'code': 50, 'message': 'User not found.'}]"
cryptowpanda,12.6,cryptowpanda,"[{'code': 50, 'message': 'User not found.'}]"
cryptowpanda,12.6,bloomstarbms,"[{'code': 50, 'message': 'User not found.'}]"
Mgsre1999,12.6,ereyli,1003
Mgsre1999,12.6,admiralspook,1003
Mgsre1999,12.6,karmpfi,1003
Mgsre1999,12.6,mgsre1999,1003
Mgsre1999,12.6,erfanmb169,1003
Mgsre1999,12.6,dannyphan,1003
Mgsre1999,12.6,cryptowpanda,1003
Mgsre1999,12.6,bloomstarbms,1003
admiralspook,12.6,ereyli,407
admiralspook,12.6,admiralspook,407
admiralspook,12.6,karmpfi,407
admiralspook,12.6,mgsre1999,407
admiralspook,12.6,erfanmb169,407
admiralspook,12.6,dannyphan,407
admiralspook,12.6,cryptowpanda,407
admiralspook,12.6,bloomstarbms,407
0xdanny16,12.6,ereyli,"[{'code': 50, 'message': 'User not found.'}]"
0xdanny16,12.6,admiralspook,"[{'code': 50, 'message': 'User not found.'}]"
0xdanny16,12.6,karmpfi,"[{'code': 50, 'message': 'User not found.'}]"
0xdanny16,12.6,mgsre1999,"[{'code': 50, 'message': 'User not found.'}]"
0xdanny16,12.6,erfanmb169,"[{'code': 50, 'message': 'User not found.'}]"
0xdanny16,12.6,dannyphan,"[{'code': 50, 'message': 'User not found.'}]"
0xdanny16,12.6,cryptowpanda,"[{'code': 50, 'message': 'User not found.'}]"
0xdanny16,12.6,bloomstarbms,"[{'code': 50, 'message': 'User not found.'}]"
bloomstarbms,12.6,ereyli,1046
bloomstarbms,12.6,admiralspook,1046
bloomstarbms,12.6,karmpfi,1046
bloomstarbms,12.6,mgsre1999,1046
bloomstarbms,12.6,erfanmb169,1046
bloomstarbms,12.6,dannyphan,1046
bloomstarbms,12.6,cryptowpanda,1046
bloomstarbms,12.6,bloomstarbms,1046
mohebbi_erfan,12.6,ereyli,512
mohebbi_erfan,12.6,admiralspook,512
mohebbi_erfan,12.6,karmpfi,512
mohebbi_erfan,12.6,mgsre1999,512
mohebbi_erfan,12.6,erfanmb169,512
mohebbi_erfan,12.6,dannyphan,512
mohebbi_erfan,12.6,cryptowpanda,512
mohebbi_erfan,12.6,bloomstarbms,512
ONCU_AHMED,12.6,ereyli,215
ONCU_AHMED,12.6,admiralspook,215
ONCU_AHMED,12.6,karmpfi,215
ONCU_AHMED,12.6,mgsre1999,215
ONCU_AHMED,12.6,erfanmb169,215
ONCU_AHMED,12.6,dannyphan,215
ONCU_AHMED,12.6,cryptowpanda,215
ONCU_AHMED,12.6,bloomstarbms,215
isaLpOkidQ,12.1296210317384,certez,277
mzhanghk,12.120000000000001,iwillfly2020,"[{'code': 50, 'message': 'User not found.'}]"
zaq1262,12.100000000000001,qwe126266,525
thanaphatchy,12.040876693146,thanaphatchyz,525
Akidz88,11.941502446980227,andhika10,"[{'code': 50, 'message': 'User not found.'}]"
t1213121okok,11.75195478909165,t1213121okok,395
miragreats,11.67613572593622,mhaira05,11647
akuikisopozo,11.561250695730347,akuikisopozo,135
IPFSxian,11.55,ipfsxian,57
Jacklee886,11.44989666441,jianan886,214
yCYpBKsjIAiI3o7,11.374684679609999,konstantin921,121
ShiJhonny,11.3728594733145,jhonny-shi,140
allexiz22,11.341972559578503,allexiz22,"[{'code': 50, 'message': 'User not found.'}]"
cow87702,11.183311815425926,cow8772,246
BhimKumarMahan1,11.025,bhim2,111
Shamim066,11.01271892332621,shamim06,2785
zion_adit,10.999999999999998,habekasetiawan,"[{'code': 63, 'message': 'User has been suspended.'}]"
senator_bayo,10.995528523623001,senatorbayo,1050
licrazy01,10.963906807592549,henry412,"[{'code': 50, 'message': 'User not found.'}]"
liuchaojin211,10.92155552596075,liuchaojin211,148
BethNo7,10.534493655609,dwarfina18,280
cryptomomo6,10.5,zhaozhmo,179
cryptomomo6,10.5,gachidahoruo,179
cryptomomo6,10.5,tonylee101,179
cryptomomo6,10.5,atanu25,179
cryptomomo6,10.5,saeid373,179
cryptomomo6,10.5,roocat2021,179
GachiHoru,10.5,zhaozhmo,571
GachiHoru,10.5,gachidahoruo,571
GachiHoru,10.5,tonylee101,571
GachiHoru,10.5,atanu25,571
GachiHoru,10.5,saeid373,571
GachiHoru,10.5,roocat2021,571
SaeedAtaee11,10.5,zhaozhmo,158
SaeedAtaee11,10.5,gachidahoruo,158
SaeedAtaee11,10.5,tonylee101,158
SaeedAtaee11,10.5,atanu25,158
SaeedAtaee11,10.5,saeid373,158
SaeedAtaee11,10.5,roocat2021,158
siroatz,10.5,zhaozhmo,167
siroatz,10.5,gachidahoruo,167
siroatz,10.5,tonylee101,167
siroatz,10.5,atanu25,167
siroatz,10.5,saeid373,167
siroatz,10.5,roocat2021,167
bitcoin_zl,10.5,zhaozhmo,261
bitcoin_zl,10.5,gachidahoruo,261
bitcoin_zl,10.5,tonylee101,261
bitcoin_zl,10.5,atanu25,261
bitcoin_zl,10.5,saeid373,261
bitcoin_zl,10.5,roocat2021,261
Atanu252,10.5,zhaozhmo,113
Atanu252,10.5,gachidahoruo,113
Atanu252,10.5,tonylee101,113
Atanu252,10.5,atanu25,113
Atanu252,10.5,saeid373,113
Atanu252,10.5,roocat2021,113
KOO_YH,10.499999999999998,kooyh,189
JanderSnstr,10.396808179613625,j-ander,126
Ossun_sas_elama,10.395,auclit,512
Ossun_sas_elama,10.395,milad-1377,512
auclit,10.395,auclit,180
auclit,10.395,milad-1377,180
mj141986,10.23557352598305,melca14,418
BtkCollection,10.207775303620652,drbtk,"[{'code': 50, 'message': 'User not found.'}]"
ownerr1903,10.18495902375,neqro,309
Tuderson1,10.1,nykas5,165
MiladRezaie15,9.975,mili137106,117
Ngocdiep2911,9.867516126833294,pcare2019,288
IntenseVicius,9.748165262840999,intensevicius,151
eaxysunshine_te,9.527256950045938,easysunshine22,1777
lordnobita7,9.484964800744292,yaelahrip69,"[{'code': 50, 'message': 'User not found.'}]"
SkotchS_,9.478903899675,skotch1cs,119
rulionissa,9.47738289442875,azerinvest,2343
rulionissa,9.47738289442875,gigidinizza,2343
azerinvest1,9.47738289442875,azerinvest,120
azerinvest1,9.47738289442875,gigidinizza,120
hashigocchi,9.45164379964875,hashigocchi,"[{'code': 50, 'message': 'User not found.'}]"
hashigocchi,9.45164379964875,13777466266,"[{'code': 50, 'message': 'User not found.'}]"
hashigocchi,9.45164379964875,driss2906,"[{'code': 50, 'message': 'User not found.'}]"
MichelM66927024,9.45164379964875,hashigocchi,204
MichelM66927024,9.45164379964875,13777466266,204
MichelM66927024,9.45164379964875,driss2906,204
Jessica88351300,9.45164379964875,hashigocchi,233
Jessica88351300,9.45164379964875,13777466266,233
Jessica88351300,9.45164379964875,driss2906,233
CryptooSpecter,9.450000000000001,jackieyewang,1747
CryptooSpecter,9.450000000000001,tripluca,1747
tripluca,9.450000000000001,jackieyewang,814
tripluca,9.450000000000001,tripluca,814
GM_Aji123,9.45,onekill0503,141
GM_Aji123,9.45,selaslan72,141
GM_Aji123,9.45,kyp1994,141
GM_Aji123,9.45,noppadone99,141
neverland134,9.45,onekill0503,6095
neverland134,9.45,selaslan72,6095
neverland134,9.45,kyp1994,6095
neverland134,9.45,noppadone99,6095
Ployrompetch,9.45,onekill0503,109
Ployrompetch,9.45,selaslan72,109
Ployrompetch,9.45,kyp1994,109
Ployrompetch,9.45,noppadone99,109
Kripto_maniac,9.45,onekill0503,537
Kripto_maniac,9.45,selaslan72,537
Kripto_maniac,9.45,kyp1994,537
Kripto_maniac,9.45,noppadone99,537
darrenlu86,9.405797906793751,sasa08,116
onthebull,9.40579790679375,onthebull,5787
salman53189747,9.344999999999999,salman5254,121
ahogerr,9.239999999999998,chensongyu,200
chenriyu1,9.098287578651599,chenriyu,214
billylyl,9.073578047662803,billylyl,204
CryptoGangster6,9.04748179605875,xiaocongzi123,258
gcompartidas1,9.03,diegoleal8802,"[{'code': 50, 'message': 'User not found.'}]"
Arnobrazz_,8.8,arnob123,333
tuandt,8.77112544607404,tuanairdrop,203
aseptubagus5,8.672999999999998,u54893,340
erik_parrisonn,8.46867284448528,parrisonn,171
Parzival_snow,8.45960900203776,l0rd5n0w,270
jtitus2000,8.408182324167527,evarich,327
hi_bitcoin,8.4,connoroday,127
hi_bitcoin,8.4,gilafx,127
hi_bitcoin,8.4,caniggia32,127
hi_bitcoin,8.4,wjdfx,127
hi_bitcoin,8.4,viethung133,127
caniggia32,8.4,connoroday,105
caniggia32,8.4,gilafx,105
caniggia32,8.4,caniggia32,105
caniggia32,8.4,wjdfx,105
caniggia32,8.4,viethung133,105
yogaandlhealth,8.4,connoroday,154
yogaandlhealth,8.4,gilafx,154
yogaandlhealth,8.4,caniggia32,154
yogaandlhealth,8.4,wjdfx,154
yogaandlhealth,8.4,viethung133,154
connoroday0,8.4,connoroday,1835
connoroday0,8.4,gilafx,1835
connoroday0,8.4,caniggia32,1835
connoroday0,8.4,wjdfx,1835
connoroday0,8.4,viethung133,1835
vladgilka,8.4,connoroday,"[{'code': 50, 'message': 'User not found.'}]"
vladgilka,8.4,gilafx,"[{'code': 50, 'message': 'User not found.'}]"
vladgilka,8.4,caniggia32,"[{'code': 50, 'message': 'User not found.'}]"
vladgilka,8.4,wjdfx,"[{'code': 50, 'message': 'User not found.'}]"
vladgilka,8.4,viethung133,"[{'code': 50, 'message': 'User not found.'}]"
zahidul02,8.350999999999999,zahidul0,389
BFF_Campaign,8.08,elephanttree58,1497
Cryptodabell,8.066097405338697,kevinmechalister,159
zbyydl444444,7.90087024170675,dola1688,746
HOANGSK_1807,7.882203679625626,calcexeapk123,353
rayjfab,7.69755,rayjfab,"[{'code': 63, 'message': 'User has been suspended.'}]"
zhangmin0426,7.553222323248001,kk0426,555
haci_haytaoglu,7.535347844315586,slhyt,118
CryptoMD26,7.524638325435,antipoison26,351
Alvinagustus,7.464441218831523,alvinagustus,325
spendlove24,7.35,you-8888,"[{'code': 50, 'message': 'User not found.'}]"
spendlove24,7.35,madahmad2000,"[{'code': 50, 'message': 'User not found.'}]"
spendlove24,7.35,qijinzing,"[{'code': 50, 'message': 'User not found.'}]"
spendlove24,7.35,spendlove24,"[{'code': 50, 'message': 'User not found.'}]"
spendlove24,7.35,mram888,"[{'code': 50, 'message': 'User not found.'}]"
mram888,7.35,you-8888,331
mram888,7.35,madahmad2000,331
mram888,7.35,qijinzing,331
mram888,7.35,spendlove24,331
mram888,7.35,mram888,331
fadkhullah,7.35,you-8888,139
fadkhullah,7.35,madahmad2000,139
fadkhullah,7.35,qijinzing,139
fadkhullah,7.35,spendlove24,139
fadkhullah,7.35,mram888,139
Akafivon,7.35,you-8888,625
Akafivon,7.35,madahmad2000,625
Akafivon,7.35,qijinzing,625
Akafivon,7.35,spendlove24,625
Akafivon,7.35,mram888,625
youyou46323582,7.35,you-8888,117
youyou46323582,7.35,madahmad2000,117
youyou46323582,7.35,qijinzing,117
youyou46323582,7.35,spendlove24,117
youyou46323582,7.35,mram888,117
IgorSmailov,7.2220220188,igorsmailov,374
serizaw89784768,7.079309964340446,serizawasele,249
stephenzpp1,7.069999999999999,stephenpan,139
Sms______,7.0699999999999985,essaimess,3077
zhengchengwen,7.0,zcw-2020,192
mda_todamoon,6.988525871721482,juejiang1998,347
karenmcabuse,6.913202322028802,ayennn,274
Linar37273987,6.805183535747101,huanitka,104
CryptoKiri,6.614999999999999,rhea170,333
Galchellemi,6.477385964049,galchellemi,"[{'code': 50, 'message': 'User not found.'}]"
LinarKhal,6.427117783761151,huancarlo,716
brightgsamuel,6.351504633363959,sammybright,352
Edwin0x0,6.31653022539,edwinosky,625
allutfiii,6.300564148216234,allutfiii,344
zjk41341134,6.300000000000001,mykey222,141
besfrence,6.3,samannavaie,686
besfrence,6.3,janfer88,686
besfrence,6.3,rastaba,686
besfrence,6.3,xybcoder,686
besfrence,6.3,bruceslooooo,686
besfrence,6.3,jeffand-1,686
besfrence,6.3,damianosieka,687
besfrence,6.3,pkhemapet,686
besfrence,6.3,noahcuri,686
saman_navaei,6.3,samannavaie,134
saman_navaei,6.3,janfer88,134
saman_navaei,6.3,rastaba,134
saman_navaei,6.3,xybcoder,134
saman_navaei,6.3,bruceslooooo,134
saman_navaei,6.3,jeffand-1,134
saman_navaei,6.3,damianosieka,134
saman_navaei,6.3,pkhemapet,134
saman_navaei,6.3,noahcuri,134
babacrypto2,6.3,samannavaie,270
babacrypto2,6.3,janfer88,270
babacrypto2,6.3,rastaba,270
babacrypto2,6.3,xybcoder,270
babacrypto2,6.3,bruceslooooo,270
babacrypto2,6.3,jeffand-1,270
babacrypto2,6.3,damianosieka,270
babacrypto2,6.3,pkhemapet,270
babacrypto2,6.3,noahcuri,270
sadfrog233,6.3,samannavaie,4032
sadfrog233,6.3,janfer88,4032
sadfrog233,6.3,rastaba,4032
sadfrog233,6.3,xybcoder,4032
sadfrog233,6.3,bruceslooooo,4032
sadfrog233,6.3,jeffand-1,4032
sadfrog233,6.3,damianosieka,4032
sadfrog233,6.3,pkhemapet,4032
sadfrog233,6.3,noahcuri,4032
noahSfL,6.3,samannavaie,245
noahSfL,6.3,janfer88,245
noahSfL,6.3,rastaba,245
noahSfL,6.3,xybcoder,245
noahSfL,6.3,bruceslooooo,245
noahSfL,6.3,jeffand-1,245
noahSfL,6.3,damianosieka,245
noahSfL,6.3,pkhemapet,245
noahSfL,6.3,noahcuri,245
PKhemapet,6.3,samannavaie,140
PKhemapet,6.3,janfer88,140
PKhemapet,6.3,rastaba,140
PKhemapet,6.3,xybcoder,140
PKhemapet,6.3,bruceslooooo,140
PKhemapet,6.3,jeffand-1,140
PKhemapet,6.3,damianosieka,140
PKhemapet,6.3,pkhemapet,140
PKhemapet,6.3,noahcuri,140
damiano_sieka,6.3,samannavaie,209
damiano_sieka,6.3,janfer88,209
damiano_sieka,6.3,rastaba,209
damiano_sieka,6.3,xybcoder,209
damiano_sieka,6.3,bruceslooooo,209
damiano_sieka,6.3,jeffand-1,209
damiano_sieka,6.3,damianosieka,209
damiano_sieka,6.3,pkhemapet,209
damiano_sieka,6.3,noahcuri,209
bruceslooooo,6.3,samannavaie,124
bruceslooooo,6.3,janfer88,124
bruceslooooo,6.3,rastaba,124
bruceslooooo,6.3,xybcoder,124
bruceslooooo,6.3,bruceslooooo,124
bruceslooooo,6.3,jeffand-1,124
bruceslooooo,6.3,damianosieka,124
bruceslooooo,6.3,pkhemapet,124
bruceslooooo,6.3,noahcuri,124
Vinson666666,6.3,samannavaie,235
Vinson666666,6.3,janfer88,235
Vinson666666,6.3,rastaba,235
Vinson666666,6.3,xybcoder,235
Vinson666666,6.3,bruceslooooo,235
Vinson666666,6.3,jeffand-1,235
Vinson666666,6.3,damianosieka,235
Vinson666666,6.3,pkhemapet,235
Vinson666666,6.3,noahcuri,235
ekof,6.18826505,cryptoekof,237
tomkaka321,6.1800000000000015,tomkaka1,108
duan9495,6.12681501315975,duan9495,406
ben77197581,6.096865258499999,jim3333,2391
jamesbondcn,5.884966048500001,qingfengzhibi,56
candyloan7,5.775,lehoangha45335,284
ClemKit24,5.717956906200001,dophuduc,"[{'code': 50, 'message': 'User not found.'}]"
invest50498161,5.68642973665725,hoftel,255
invest50498161,5.68642973665725,cpearls,255
BitL0gic,5.68642973665725,hoftel,101
BitL0gic,5.68642973665725,cpearls,101
0kdmad,5.6709862797892505,nut1shot,186
0kdmad,5.6709862797892505,mlgape,186
0kdmad,5.6709862797892505,ogunleyeseyi800,186
nut1shot,5.6709862797892505,nut1shot,171
nut1shot,5.6709862797892505,mlgape,171
nut1shot,5.6709862797892505,ogunleyeseyi800,171
Ogunley77838151,5.6709862797892505,nut1shot,260
Ogunley77838151,5.6709862797892505,mlgape,260
Ogunley77838151,5.6709862797892505,ogunleyeseyi800,260
teransformers1,5.67098627978925,teransformers,330
HardiHermawan18,5.400939314085001,hardi24,221
Karepku_to,5.3549999999999995,fathoni6,2359
siramirhosein,5.302499999999999,amrhos7,287
EosHunters,5.302499999999998,fangkyruslandy,160
omotolanisoyemi,5.292920527803299,brightgsamuel,183
pearsonlucas1,5.28915895026145,pearsonlucas,161
Evan41264519,5.250000000000001,evansugar,303
Evan41264519,5.250000000000001,bogun0001,303
bogun7777,5.250000000000001,evansugar,334
bogun7777,5.250000000000001,bogun0001,334
PANDOSHI69,5.25,owocki,3150
PANDOSHI69,5.25,wumin90,3150
PANDOSHI69,5.25,pandoshi69,3150
owocki,5.25,owocki,74412
owocki,5.25,wumin90,74412
owocki,5.25,pandoshi69,74412
wumin90,5.25,owocki,387
wumin90,5.25,wumin90,387
wumin90,5.25,pandoshi69,387
Gingerale1988,5.249999999999999,gingerale1988,292
qgpn649,5.049999999999999,pnoq,205
poupee999,5.03115958135875,poomink,331
zjliu1a,5.000000000000001,zjliu6,299
ponyz19,4.8608453826765,ponyzz,"[{'code': 50, 'message': 'User not found.'}]"
Bcpaintball26,4.8,paintball26,2778
youyu1879,4.725,cat1879,646
TubiHoldings,4.62,minmingsm,"[{'code': 50, 'message': 'User not found.'}]"
Blokslabs,4.436931966615,blokslabs,234
toancryptobg,4.305,vantoanpaya,547
white_obj,4.211652477123483,whiteobj,178
awoysbt,4.20105020833596,awoben,312
seoserch,4.200376098810822,seoserch,2270
fareastfracta,4.2,bsklwd2,672
fareastfracta,4.2,furryboar,672
fareastfracta,4.2,xunfa2019,672
Furry__Bear,4.2,bsklwd2,1017
Furry__Bear,4.2,furryboar,1017
Furry__Bear,4.2,xunfa2019,1017
4L1BtwdkbXiNbPd,4.2,bsklwd2,"[{'code': 50, 'message': 'User not found.'}]"
4L1BtwdkbXiNbPd,4.2,furryboar,"[{'code': 50, 'message': 'User not found.'}]"
4L1BtwdkbXiNbPd,4.2,xunfa2019,"[{'code': 50, 'message': 'User not found.'}]"
sweet_rechil10,4.199999999999999,rechil10,"[{'code': 50, 'message': 'User not found.'}]"
smacmannis,4.0739836095,smacman,987
RiteshShrikant,4.04,cryptorss,6234
forestre,3.99547657888575,treforest,123
laimas,3.79156155987,vosinepi,780
GsiPrzemek,3.7909531577715,kryptofan,143
GsiPrzemek,3.7909531577715,ivandubr,143
Sonya_BladeBer,3.7909531577715,kryptofan,2254
Sonya_BladeBer,3.7909531577715,ivandubr,2254
meiying3143,3.7806575198595,fanfan3143,203
meiying3143,3.7806575198595,noblepeter20,203
noblepeter2000,3.7806575198595,fanfan3143,793
noblepeter2000,3.7806575198595,noblepeter20,793
jonymusoevnft,3.7766111616240003,djumik12,963
moxen206,3.7623191627175,hiroyuki207,5295
moxen206,3.7623191627175,michaelwong666,5295
michaelwong123,3.7623191627175,hiroyuki207,839
michaelwong123,3.7623191627175,michaelwong666,839
Nihalvishwaka19,3.6750000000000003,shivam182thor,180
jaysmyle,3.4118578419943493,naijaguy234,9697
jaysmyle,3.4118578419943493,hehe2046,9697
01MetaMan,3.4118578419943493,naijaguy234,300
01MetaMan,3.4118578419943493,hehe2046,300
marcvsam,3.39498634125,marcalbum,40717
2689841724qqco1,3.24883915125,polohuang75,"[{'code': 50, 'message': 'User not found.'}]"
2689841724qqco1,3.24883915125,yeye-yeye,"[{'code': 50, 'message': 'User not found.'}]"
polohaq,3.24883915125,polohuang75,"[{'code': 63, 'message': 'User has been suspended.'}]"
polohaq,3.24883915125,yeye-yeye,"[{'code': 63, 'message': 'User has been suspended.'}]"
LibertBrown,3.2129999999999996,libert19,"[{'code': 50, 'message': 'User not found.'}]"
dr_crypto25,3.1678496832713847,middaydoc,610
crypto_inno,3.160348096682699,hankcrypto,120
LoftHeR,3.153068371562823,lofther,212
Aamir39358449,3.15,aman147147,10513
Aamir39358449,3.15,gaden456,10513
Aamir39358449,3.15,witold666,10513
DamonPowers5,3.15,aman147147,119
DamonPowers5,3.15,gaden456,119
DamonPowers5,3.15,witold666,119
Witold36402913,3.15,aman147147,144
Witold36402913,3.15,gaden456,144
Witold36402913,3.15,witold666,144
Hannasoriano10,3.1049711577938,molmol03,256
kessyboy1,3.0044805885129753,kessyboy,278
yimiyg2,3.00292225863126,yimiyg828,215
SantaVCryptos,3.0,e-zine,211
yhahaha_hayukk,2.9404227846324558,alifikri123,388
babacancevdet,2.715989073,cevdetbabacan,122
bi8bo_cf,2.5722269790000003,skr8888,"[{'code': 50, 'message': 'User not found.'}]"
blmasterr,2.5453826370000003,blmaster1,246
Biodunflash,2.46911775495,kaycekeys,507
PualaWhite,2.351540719,nives247,167
cyberkc82,2.3188032788471595,cyberkc,"[{'code': 50, 'message': 'User not found.'}]"
123radish,2.3,zsandwf,429
haibtc321,2.2745718946628997,btcmars,182
haibtc321,2.2745718946628997,fabunmiegbe,182
Fabunmitemitop4,2.2745718946628997,btcmars,"[{'code': 63, 'message': 'User has been suspended.'}]"
Fabunmitemitop4,2.2745718946628997,fabunmiegbe,"[{'code': 63, 'message': 'User has been suspended.'}]"
farz4d_,2.2573914976304996,farzad7797,187
0x_readone,2.1662589472979996,hongweivv,144
0x_writeone,2.160375725634,chenhongwei,172
0x_writeone,2.160375725634,chenhongwei1818,172
0x_flyone,2.160375725634,chenhongwei,180
0x_flyone,2.160375725634,chenhongwei1818,180
alexj9555,2.142,azippy,244
ussu_ussu_ussu,2.1229337683520404,syogaku-toushi,771
scryptos14,2.110152311540201,ssiiki,175
beyzaylmz35,2.102045581041882,ffsociety2,105
oscar19826,2.1001880494054115,oscarpalmario22,391
handygoey,2.1,rahul7967,210
handygoey,2.1,innaalek,210
handygoey,2.1,araonft,210
handygoey,2.1,arnoldcns,210
handygoey,2.1,hphuoc27,210
handygoey,2.1,mulayimsert,210
handygoey,2.1,hamidath,210
handygoey,2.1,azadazizipoor,210
handygoey,2.1,nanqidemingzi,210
handygoey,2.1,agatharesty,210
handygoey,2.1,mukyov,210
handygoey,2.1,nekonyun,210
Mukyo20,2.1,rahul7967,2045
Mukyo20,2.1,innaalek,2045
Mukyo20,2.1,araonft,2045
Mukyo20,2.1,arnoldcns,2045
Mukyo20,2.1,hphuoc27,2045
Mukyo20,2.1,mulayimsert,2045
Mukyo20,2.1,hamidath,2045
Mukyo20,2.1,azadazizipoor,2045
Mukyo20,2.1,nanqidemingzi,2045
Mukyo20,2.1,agatharesty,2045
Mukyo20,2.1,mukyov,2045
Mukyo20,2.1,nekonyun,2045
hamidooo64,2.1,rahul7967,142
hamidooo64,2.1,innaalek,142
hamidooo64,2.1,araonft,142
hamidooo64,2.1,arnoldcns,142
hamidooo64,2.1,hphuoc27,142
hamidooo64,2.1,mulayimsert,142
hamidooo64,2.1,hamidath,142
hamidooo64,2.1,azadazizipoor,142
hamidooo64,2.1,nanqidemingzi,142
hamidooo64,2.1,agatharesty,142
hamidooo64,2.1,mukyov,142
hamidooo64,2.1,nekonyun,142
Arnold_CNS,2.1,rahul7967,287
Arnold_CNS,2.1,innaalek,287
Arnold_CNS,2.1,araonft,287
Arnold_CNS,2.1,arnoldcns,287
Arnold_CNS,2.1,hphuoc27,287
Arnold_CNS,2.1,mulayimsert,287
Arnold_CNS,2.1,hamidath,287
Arnold_CNS,2.1,azadazizipoor,287
Arnold_CNS,2.1,nanqidemingzi,287
Arnold_CNS,2.1,agatharesty,287
Arnold_CNS,2.1,mukyov,287
Arnold_CNS,2.1,nekonyun,287
2022crypto,2.1,rahul7967,131
2022crypto,2.1,innaalek,131
2022crypto,2.1,araonft,131
2022crypto,2.1,arnoldcns,131
2022crypto,2.1,hphuoc27,131
2022crypto,2.1,mulayimsert,131
2022crypto,2.1,hamidath,131
2022crypto,2.1,azadazizipoor,131
2022crypto,2.1,nanqidemingzi,131
2022crypto,2.1,agatharesty,131
2022crypto,2.1,mukyov,131
2022crypto,2.1,nekonyun,131
Inna05198695,2.1,rahul7967,537
Inna05198695,2.1,innaalek,537
Inna05198695,2.1,araonft,537
Inna05198695,2.1,arnoldcns,537
Inna05198695,2.1,hphuoc27,537
Inna05198695,2.1,mulayimsert,537
Inna05198695,2.1,hamidath,537
Inna05198695,2.1,azadazizipoor,537
Inna05198695,2.1,nanqidemingzi,537
Inna05198695,2.1,agatharesty,537
Inna05198695,2.1,mukyov,537
Inna05198695,2.1,nekonyun,537
mulayimmsert,2.1,rahul7967,146
mulayimmsert,2.1,innaalek,146
mulayimmsert,2.1,araonft,146
mulayimmsert,2.1,arnoldcns,146
mulayimmsert,2.1,hphuoc27,146
mulayimmsert,2.1,mulayimsert,146
mulayimmsert,2.1,hamidath,146
mulayimmsert,2.1,azadazizipoor,146
mulayimmsert,2.1,nanqidemingzi,146
mulayimmsert,2.1,agatharesty,146
mulayimmsert,2.1,mukyov,146
mulayimmsert,2.1,nekonyun,146
araojpn,2.1,rahul7967,2867
araojpn,2.1,innaalek,2867
araojpn,2.1,araonft,2867
araojpn,2.1,arnoldcns,2867
araojpn,2.1,hphuoc27,2867
araojpn,2.1,mulayimsert,2867
araojpn,2.1,hamidath,2867
araojpn,2.1,azadazizipoor,2867
araojpn,2.1,nanqidemingzi,2867
araojpn,2.1,agatharesty,2867
araojpn,2.1,mukyov,2867
araojpn,2.1,nekonyun,2867
quanminh27,2.1,rahul7967,173
quanminh27,2.1,innaalek,173
quanminh27,2.1,araonft,173
quanminh27,2.1,arnoldcns,173
quanminh27,2.1,hphuoc27,173
quanminh27,2.1,mulayimsert,173
quanminh27,2.1,hamidath,173
quanminh27,2.1,azadazizipoor,173
quanminh27,2.1,nanqidemingzi,173
quanminh27,2.1,agatharesty,173
quanminh27,2.1,mukyov,173
quanminh27,2.1,nekonyun,173
nyun_ai_shin,2.1,rahul7967,2447
nyun_ai_shin,2.1,innaalek,2447
nyun_ai_shin,2.1,araonft,2447
nyun_ai_shin,2.1,arnoldcns,2447
nyun_ai_shin,2.1,hphuoc27,2447
nyun_ai_shin,2.1,mulayimsert,2447
nyun_ai_shin,2.1,hamidath,2447
nyun_ai_shin,2.1,azadazizipoor,2447
nyun_ai_shin,2.1,nanqidemingzi,2447
nyun_ai_shin,2.1,agatharesty,2447
nyun_ai_shin,2.1,mukyov,2447
nyun_ai_shin,2.1,nekonyun,2447
DragonKingcn,2.1,rahul7967,165
DragonKingcn,2.1,innaalek,165
DragonKingcn,2.1,araonft,165
DragonKingcn,2.1,arnoldcns,165
DragonKingcn,2.1,hphuoc27,165
DragonKingcn,2.1,mulayimsert,165
DragonKingcn,2.1,hamidath,165
DragonKingcn,2.1,azadazizipoor,165
DragonKingcn,2.1,nanqidemingzi,165
DragonKingcn,2.1,agatharesty,165
DragonKingcn,2.1,mukyov,165
DragonKingcn,2.1,nekonyun,165
rahulsh7967,2.1,rahul7967,258
rahulsh7967,2.1,innaalek,258
rahulsh7967,2.1,araonft,258
rahulsh7967,2.1,arnoldcns,258
rahulsh7967,2.1,hphuoc27,258
rahulsh7967,2.1,mulayimsert,258
rahulsh7967,2.1,hamidath,258
rahulsh7967,2.1,azadazizipoor,258
rahulsh7967,2.1,nanqidemingzi,258
rahulsh7967,2.1,agatharesty,258
rahulsh7967,2.1,mukyov,258
rahulsh7967,2.1,nekonyun,258
penbercifield,2.08321902098491,benpercifield,1283
SiswantoNotFoun,2.0149441432452,siswanto15,720
skyfuture_come,2.000019920264932,jackjoke1,106
imran9166,2.0,rao916,1170
imran9166,2.0,sourabupadhya123,1170
imran9166,2.0,igglepiggle00,1170
salaam4321,2.0,rao916,224
salaam4321,2.0,sourabupadhya123,224
salaam4321,2.0,igglepiggle00,224
sourab_upadhyay,2.0,rao916,207
sourab_upadhyay,2.0,sourabupadhya123,207
sourab_upadhyay,2.0,igglepiggle00,207
danokhlopkov,1.89032875992975,ohld,4113
Tej10521715,1.8584000000000003,tejjinxy,102
mikeking1111,1.791580553675,jhonbin,"[{'code': 50, 'message': 'User not found.'}]"
Vedattelli18,1.693043623222875,black1771,295
freelanceser,1.575,leonardo24072020,161
freelanceser,1.575,stephenwow,161
stephen784533,1.575,leonardo24072020,"[{'code': 50, 'message': 'User not found.'}]"
stephen784533,1.575,stephenwow,"[{'code': 50, 'message': 'User not found.'}]"
Chongloving,1.365,mogukong,289
ermao1314,1.326833605220025,vittawac,140
ermao1314,1.326833605220025,onlooker12138,140
vittawac,1.326833605220025,vittawac,215
vittawac,1.326833605220025,onlooker12138,215
as230156,1.2995356605000001,as23015601567ii,431
SHAHIDALISYED7,1.2726913185000002,shahid1956,639
jingjin51691169,1.26,aj258013,150
stayfoolNhungry,1.1550000000000002,lw1992,369
stayfoolNhungry,1.1550000000000002,jngc2020,369
jngc2020,1.1550000000000002,lw1992,331
jngc2020,1.1550000000000002,jngc2020,331
ChivaritS,1.155,yuzuru99,217
ChivaritS,1.155,chivarit,217
Sak2eWae,1.155,yuzuru99,192
Sak2eWae,1.155,chivarit,192
gbengulo1001,1.137468467961,gbenga238,182
Frozenjok,1.1372859473314498,mech100,6408
Frozenjok,1.1372859473314498,tobygold,6408
_tobygold,1.1372859473314498,mech100,"[{'code': 63, 'message': 'User has been suspended.'}]"
_tobygold,1.1372859473314498,tobygold,"[{'code': 63, 'message': 'User has been suspended.'}]"
cryptojr7,1.1341972559578501,xx3698,400
cryptojr7,1.1341972559578501,cryptojr,400
iDqjzwPv4JrxZYB,1.1341972559578501,xx3698,"[{'code': 50, 'message': 'User not found.'}]"
iDqjzwPv4JrxZYB,1.1341972559578501,cryptojr,"[{'code': 50, 'message': 'User not found.'}]"
Calman16910515,1.12869574881525,calmanchen,36955
orcmrj,1.11201292627964,fringe13,375
HABPTEKN1,1.08330330282,phiaxee,675
RealGanadores,1.0774873931599576,ganadores11,106
Logan_ZC,1.07625,loganzc,146
Hjainrock,1.06146688417602,hjainrock,232
mocao3813059,1.0605,mocao3813059,147
NancyJNFT,1.0604999999999998,frankcase571,179
ghassemi_amir,1.05929388873,kiarashghasemi,105
mehade10,1.052623885005,sagorkhan00,103
Moore819Moore,1.0510499999999998,joydrake,137
Wilsonchilboy,1.0500940247027057,wilsonchilboy,"[{'code': 50, 'message': 'User not found.'}]"
farukomar7569,1.05,farukomar7276,159
farukomar7569,1.05,g64355,159
farukomar7569,1.05,leivinia1,159
farukomar7569,1.05,l12120928,159
farukomar7569,1.05,chakrapanivijayakumar,159
farukomar7569,1.05,oppops,159
farukomar7569,1.05,shreyaspapi,159
farukomar7569,1.05,wailok3,159
farukomar7569,1.05,hydeisabadfriend,159
farukomar7569,1.05,belal29,159
farukomar7569,1.05,tkorsilver,159
farukomar7569,1.05,takatpur2018,159
farukomar7569,1.05,yang168371,159
farukomar7569,1.05,capkoin,159
farukomar7569,1.05,akitha17,159
farukomar7569,1.05,ckcly,159
farukomar7569,1.05,apartalukder,159
g64354,1.05,farukomar7276,172
g64354,1.05,g64355,172
g64354,1.05,leivinia1,172
g64354,1.05,l12120928,172
g64354,1.05,chakrapanivijayakumar,172
g64354,1.05,oppops,172
g64354,1.05,shreyaspapi,172
g64354,1.05,wailok3,172
g64354,1.05,hydeisabadfriend,172
g64354,1.05,belal29,172
g64354,1.05,tkorsilver,172
g64354,1.05,takatpur2018,172
g64354,1.05,yang168371,172
g64354,1.05,capkoin,172
g64354,1.05,akitha17,172
g64354,1.05,ckcly,172
g64354,1.05,apartalukder,172
NahianKabir9,1.05,farukomar7276,875
NahianKabir9,1.05,g64355,875
NahianKabir9,1.05,leivinia1,875
NahianKabir9,1.05,l12120928,875
NahianKabir9,1.05,chakrapanivijayakumar,875
NahianKabir9,1.05,oppops,875
NahianKabir9,1.05,shreyaspapi,875
NahianKabir9,1.05,wailok3,875
NahianKabir9,1.05,hydeisabadfriend,875
NahianKabir9,1.05,belal29,875
NahianKabir9,1.05,tkorsilver,875
NahianKabir9,1.05,takatpur2018,875
NahianKabir9,1.05,yang168371,875
NahianKabir9,1.05,capkoin,875
NahianKabir9,1.05,akitha17,875
NahianKabir9,1.05,ckcly,875
NahianKabir9,1.05,apartalukder,875
Hyperanthroposc,1.05,farukomar7276,219
Hyperanthroposc,1.05,g64355,219
Hyperanthroposc,1.05,leivinia1,219
Hyperanthroposc,1.05,l12120928,219
Hyperanthroposc,1.05,chakrapanivijayakumar,219
Hyperanthroposc,1.05,oppops,219
Hyperanthroposc,1.05,shreyaspapi,219
Hyperanthroposc,1.05,wailok3,219
Hyperanthroposc,1.05,hydeisabadfriend,219
Hyperanthroposc,1.05,belal29,219
Hyperanthroposc,1.05,tkorsilver,219
Hyperanthroposc,1.05,takatpur2018,219
Hyperanthroposc,1.05,yang168371,219
Hyperanthroposc,1.05,capkoin,219
Hyperanthroposc,1.05,akitha17,219
Hyperanthroposc,1.05,ckcly,219
Hyperanthroposc,1.05,apartalukder,219
jueeusa,1.05,farukomar7276,282
jueeusa,1.05,g64355,282
jueeusa,1.05,leivinia1,282
jueeusa,1.05,l12120928,282
jueeusa,1.05,chakrapanivijayakumar,282
jueeusa,1.05,oppops,282
jueeusa,1.05,shreyaspapi,282
jueeusa,1.05,wailok3,282
jueeusa,1.05,hydeisabadfriend,282
jueeusa,1.05,belal29,282
jueeusa,1.05,tkorsilver,282
jueeusa,1.05,takatpur2018,282
jueeusa,1.05,yang168371,282
jueeusa,1.05,capkoin,282
jueeusa,1.05,akitha17,282
jueeusa,1.05,ckcly,282
jueeusa,1.05,apartalukder,282
spapinwar,1.05,farukomar7276,125
spapinwar,1.05,g64355,125
spapinwar,1.05,leivinia1,125
spapinwar,1.05,l12120928,125
spapinwar,1.05,chakrapanivijayakumar,125
spapinwar,1.05,oppops,125
spapinwar,1.05,shreyaspapi,125
spapinwar,1.05,wailok3,125
spapinwar,1.05,hydeisabadfriend,125
spapinwar,1.05,belal29,125
spapinwar,1.05,tkorsilver,125
spapinwar,1.05,takatpur2018,125
spapinwar,1.05,yang168371,125
spapinwar,1.05,capkoin,125
spapinwar,1.05,akitha17,125
spapinwar,1.05,ckcly,125
spapinwar,1.05,apartalukder,125
RedBlAcKowl,1.05,farukomar7276,1523
RedBlAcKowl,1.05,g64355,1523
RedBlAcKowl,1.05,leivinia1,1523
RedBlAcKowl,1.05,l12120928,1523
RedBlAcKowl,1.05,chakrapanivijayakumar,1523
RedBlAcKowl,1.05,oppops,1523
RedBlAcKowl,1.05,shreyaspapi,1523
RedBlAcKowl,1.05,wailok3,1523
RedBlAcKowl,1.05,hydeisabadfriend,1523
RedBlAcKowl,1.05,belal29,1523
RedBlAcKowl,1.05,tkorsilver,1523
RedBlAcKowl,1.05,takatpur2018,1523
RedBlAcKowl,1.05,yang168371,1523
RedBlAcKowl,1.05,capkoin,1523
RedBlAcKowl,1.05,akitha17,1523
RedBlAcKowl,1.05,ckcly,1523
RedBlAcKowl,1.05,apartalukder,1523
apartalukder1,1.05,farukomar7276,163
apartalukder1,1.05,g64355,163
apartalukder1,1.05,leivinia1,163
apartalukder1,1.05,l12120928,163
apartalukder1,1.05,chakrapanivijayakumar,163
apartalukder1,1.05,oppops,163
apartalukder1,1.05,shreyaspapi,163
apartalukder1,1.05,wailok3,163
apartalukder1,1.05,hydeisabadfriend,163
apartalukder1,1.05,belal29,163
apartalukder1,1.05,tkorsilver,163
apartalukder1,1.05,takatpur2018,163
apartalukder1,1.05,yang168371,163
apartalukder1,1.05,capkoin,163
apartalukder1,1.05,akitha17,163
apartalukder1,1.05,ckcly,163
apartalukder1,1.05,apartalukder,163
Ayue188,1.05,farukomar7276,121
Ayue188,1.05,g64355,121
Ayue188,1.05,leivinia1,121
Ayue188,1.05,l12120928,121
Ayue188,1.05,chakrapanivijayakumar,121
Ayue188,1.05,oppops,121
Ayue188,1.05,shreyaspapi,121
Ayue188,1.05,wailok3,121
Ayue188,1.05,hydeisabadfriend,121
Ayue188,1.05,belal29,121
Ayue188,1.05,tkorsilver,121
Ayue188,1.05,takatpur2018,121
Ayue188,1.05,yang168371,121
Ayue188,1.05,capkoin,121
Ayue188,1.05,akitha17,121
Ayue188,1.05,ckcly,121
Ayue188,1.05,apartalukder,121
mytkor,1.05,farukomar7276,173
mytkor,1.05,g64355,173
mytkor,1.05,leivinia1,173
mytkor,1.05,l12120928,173
mytkor,1.05,chakrapanivijayakumar,173
mytkor,1.05,oppops,173
mytkor,1.05,shreyaspapi,173
mytkor,1.05,wailok3,173
mytkor,1.05,hydeisabadfriend,173
mytkor,1.05,belal29,173
mytkor,1.05,tkorsilver,173
mytkor,1.05,takatpur2018,173
mytkor,1.05,yang168371,173
mytkor,1.05,capkoin,173
mytkor,1.05,akitha17,173
mytkor,1.05,ckcly,173
mytkor,1.05,apartalukder,173
cappyz,1.05,farukomar7276,645
cappyz,1.05,g64355,645
cappyz,1.05,leivinia1,645
cappyz,1.05,l12120928,645
cappyz,1.05,chakrapanivijayakumar,645
cappyz,1.05,oppops,645
cappyz,1.05,shreyaspapi,645
cappyz,1.05,wailok3,645
cappyz,1.05,hydeisabadfriend,645
cappyz,1.05,belal29,645
cappyz,1.05,tkorsilver,645
cappyz,1.05,takatpur2018,645
cappyz,1.05,yang168371,645
cappyz,1.05,capkoin,645
cappyz,1.05,akitha17,645
cappyz,1.05,ckcly,645
cappyz,1.05,apartalukder,645
Angel62014,1.05,farukomar7276,"[{'code': 50, 'message': 'User not found.'}]"
Angel62014,1.05,g64355,"[{'code': 50, 'message': 'User not found.'}]"
Angel62014,1.05,leivinia1,"[{'code': 50, 'message': 'User not found.'}]"
Angel62014,1.05,l12120928,"[{'code': 50, 'message': 'User not found.'}]"
Angel62014,1.05,chakrapanivijayakumar,"[{'code': 50, 'message': 'User not found.'}]"
Angel62014,1.05,oppops,"[{'code': 50, 'message': 'User not found.'}]"
Angel62014,1.05,shreyaspapi,"[{'code': 50, 'message': 'User not found.'}]"
Angel62014,1.05,wailok3,"[{'code': 50, 'message': 'User not found.'}]"
Angel62014,1.05,hydeisabadfriend,"[{'code': 50, 'message': 'User not found.'}]"
Angel62014,1.05,belal29,"[{'code': 50, 'message': 'User not found.'}]"
Angel62014,1.05,tkorsilver,"[{'code': 50, 'message': 'User not found.'}]"
Angel62014,1.05,takatpur2018,"[{'code': 50, 'message': 'User not found.'}]"
Angel62014,1.05,yang168371,"[{'code': 50, 'message': 'User not found.'}]"
Angel62014,1.05,capkoin,"[{'code': 50, 'message': 'User not found.'}]"
Angel62014,1.05,akitha17,"[{'code': 50, 'message': 'User not found.'}]"
Angel62014,1.05,ckcly,"[{'code': 50, 'message': 'User not found.'}]"
Angel62014,1.05,apartalukder,"[{'code': 50, 'message': 'User not found.'}]"
skybytee,1.05,farukomar7276,153
skybytee,1.05,g64355,153
skybytee,1.05,leivinia1,153
skybytee,1.05,l12120928,153
skybytee,1.05,chakrapanivijayakumar,153
skybytee,1.05,oppops,153
skybytee,1.05,shreyaspapi,153
skybytee,1.05,wailok3,153
skybytee,1.05,hydeisabadfriend,153
skybytee,1.05,belal29,153
skybytee,1.05,tkorsilver,153
skybytee,1.05,takatpur2018,153
skybytee,1.05,yang168371,153
skybytee,1.05,capkoin,153
skybytee,1.05,akitha17,153
skybytee,1.05,ckcly,153
skybytee,1.05,apartalukder,153
cvijay2014,1.05,farukomar7276,208
cvijay2014,1.05,g64355,208
cvijay2014,1.05,leivinia1,208
cvijay2014,1.05,l12120928,208
cvijay2014,1.05,chakrapanivijayakumar,208
cvijay2014,1.05,oppops,208
cvijay2014,1.05,shreyaspapi,208
cvijay2014,1.05,wailok3,208
cvijay2014,1.05,hydeisabadfriend,208
cvijay2014,1.05,belal29,208
cvijay2014,1.05,tkorsilver,208
cvijay2014,1.05,takatpur2018,208
cvijay2014,1.05,yang168371,208
cvijay2014,1.05,capkoin,208
cvijay2014,1.05,akitha17,208
cvijay2014,1.05,ckcly,208
cvijay2014,1.05,apartalukder,208
leivinia9,1.05,farukomar7276,569
leivinia9,1.05,g64355,569
leivinia9,1.05,leivinia1,569
leivinia9,1.05,l12120928,569
leivinia9,1.05,chakrapanivijayakumar,569
leivinia9,1.05,oppops,569
leivinia9,1.05,shreyaspapi,569
leivinia9,1.05,wailok3,569
leivinia9,1.05,hydeisabadfriend,569
leivinia9,1.05,belal29,569
leivinia9,1.05,tkorsilver,569
leivinia9,1.05,takatpur2018,569
leivinia9,1.05,yang168371,569
leivinia9,1.05,capkoin,569
leivinia9,1.05,akitha17,569
leivinia9,1.05,ckcly,569
leivinia9,1.05,apartalukder,569
xiaobai279,1.05,farukomar7276,301
xiaobai279,1.05,g64355,301
xiaobai279,1.05,leivinia1,301
xiaobai279,1.05,l12120928,301
xiaobai279,1.05,chakrapanivijayakumar,301
xiaobai279,1.05,oppops,301
xiaobai279,1.05,shreyaspapi,301
xiaobai279,1.05,wailok3,301
xiaobai279,1.05,hydeisabadfriend,301
xiaobai279,1.05,belal29,301
xiaobai279,1.05,tkorsilver,301
xiaobai279,1.05,takatpur2018,301
xiaobai279,1.05,yang168371,301
xiaobai279,1.05,capkoin,301
xiaobai279,1.05,akitha17,301
xiaobai279,1.05,ckcly,301
xiaobai279,1.05,apartalukder,301
bbao514,1.05,farukomar7276,285
bbao514,1.05,g64355,285
bbao514,1.05,leivinia1,285
bbao514,1.05,l12120928,285
bbao514,1.05,chakrapanivijayakumar,285
bbao514,1.05,oppops,285
bbao514,1.05,shreyaspapi,285
bbao514,1.05,wailok3,285
bbao514,1.05,hydeisabadfriend,285
bbao514,1.05,belal29,285
bbao514,1.05,tkorsilver,285
bbao514,1.05,takatpur2018,285
bbao514,1.05,yang168371,285
bbao514,1.05,capkoin,285
bbao514,1.05,akitha17,285
bbao514,1.05,ckcly,285
bbao514,1.05,apartalukder,285
guraa008,1.0100904428092692,neosfusion08,141
Wong21117804,1.0032851100579998,wongqing1688,163
Shomareye11,1.002774399315115,saintjaber,128
Vku,1.00097408621042,zemberek82,184
Anton84354387,0.41387602684238106,cryptoseaman,1935
