handle,twitter_handle,no_followers,no_contributions
mulayimsert,mulayimmsert,146,2
senatorbayo,senator_bayo,1050,3
awoben,awoysbt,312,5
cryptoseaman,Anton84354387,1936,1
ildarman1,defigen,1597,19
milad-1377,Ossun_sas_elama,512,10
aleksmos,CryptoBotan,1530,24
yukkysan,aoburuasuyou777,1859,6
chivarit,ChivaritS,218,2
chukieix,chukie009,371,23
vosinepi,laimas,780,4
elephanttree58,BFF_Campaign,1497,5
abdulramana2,naijacore,115,23
marcalbum,marcvsam,40708,2
realys158,OneYummi,"[{'code': 63, 'message': 'User has been suspended.'}]",11
khrispyshots,khrispy22,228,12
pesconett,Pesconett,97,13
middaydoc,dr_crypto25,610,4
luiandresgonzalez,gonzaluisandres,560,4
daviddzhou,TheDavidZhou,3425,11
siswanto15,SiswantoNotFoun,720,2
pranshu90,money6037,1257,11
pouya-barzegar,dinamyc_,270,32
nykas5,Tuderson1,165,10
prokurator1,1Shupikov,232,1
azimwenn,azimwenn,313,21
x0oo11235oo0x,gratefulhedge,425,5
mettahead,mettahead,1036,8
prettyfreak,pavlo_baralei,532,46
zachxbt,zachxbt,256160,7
irfansanal,0xis_eth,11465,5
konstantin921,yCYpBKsjIAiI3o7,121,2
neqro,ownerr1903,309,6
cakoyo,cakoyo_,555,4
cowbearcowbull,ZenKaiiii,112,19
smacman,smacmannis,987,4
paintball26,Bcpaintball26,2779,3
tuhin12341,MasumAh82119570,4384,11
phiaxee,HABPTEKN1,675,1
cevdetbabacan,babacancevdet,122,3
shatdev,YIN47574925,"[{'code': 50, 'message': 'User not found.'}]",9
igorsmailov,IgorSmailov,374,2
danielesalatti,DanieleSalatti,751,24
evnhsn,evnhsn,9342,6
rao916,imran9166,1171,1
bangpateng,bangpateng_com,4589,31
zico50cent,PromquinPromise,167,13
bulkad,dimaoffshore,456,4
cloutier,IpfsPics,388,5
anitajude,Officialriccom1,315,62
borkfelix,felixschnigges,175,8
auclit,auclit,180,10
skotch1cs,SkotchS_,117,2
spendlove24,spendlove24,"[{'code': 50, 'message': 'User not found.'}]",3
gbenga238,gbengulo1001,182,2
cryptoloss,ythasanpehlivan,277,6
n4nw4ll0p,WPornmanee,331,6
mo386,Mohamma31440842,1286,11
kiarashghasemi,ghassemi_amir,105,2
wilsonchilboy,Wilsonchilboy,"[{'code': 50, 'message': 'User not found.'}]",2
owocki,owocki,74433,6
samannavaie,saman_navaei,136,7
bynil,gxgexiao,7738,13
hotsjf,iphonecake_com,64962,3
gachidahoruo,GachiHoru,571,2
thefrozenfire,thefrozenfire,124,7
resistancee,reesistancee,1730,22
intensevicius,IntenseVicius,151,9
damao5800,damao5800,120,11
allutfiii,allutfiii,344,7
hoftel,invest50498161,255,4
carpgoth,jomolos,1717,23
saniaus,GendengWira,175,31
galligan,mg,33388,12
rahul7967,rahulsh7967,258,2
cpearls,BitL0gic,101,4
fringe13,orcmrj,372,2
gigidinizza,rulionissa,2343,2
azadazizipoor,2022crypto,131,3
qijinzing,Akafivon,625,3
tukangnyasar,gilang84071026,"[{'code': 50, 'message': 'User not found.'}]",29
dhaiwat10,dhaiwat10,4461,3
hull1987,hululei1987,126,13
oloyetemitope,ayoadeEl,395,19
deodivine,deodivine1,3961,18
takgod1,VET_Mystic,278,8
sweetie77,Gots25764756,473,6
leonardo24072020,freelanceser,161,2
fabunmiegbe,Fabunmitemitop4,"[{'code': 63, 'message': 'User has been suspended.'}]",3
songbbhol,songbbhol,462,41
mahan1397rahimi,Omidrah92878946,248,16
huulinh9610,LinhDinhHuu1,127,41
erfanmb169,mohebbi_erfan,512,13
mhizadore,DJussiat,155,31
edwinosky,Edwin0x0,625,7
teebsio,teebsio,20000,5
saeid373,SaeedAtaee11,160,7
barrasso,markbarrasso,798,6
frllzwrtmn,relzdrops0x,1206,12
noppadone99,Ployrompetch,109,3
rinran1111,pancakebunny713,158,3
d1menik,m0xhnee,122,5
narbs91,narb_s,978,1
jhonny-shi,ShiJhonny,140,5
bhargavivkothari,BhargaviKothari,1514,7
takatpur2018,jueeusa,282,2
selaslan72,Kripto_maniac,537,4
ebencarl,Ebencarl2,202,27
admiralspook,admiralspook,407,12
jamesyou1,laoyouzi123,136,12
gravenp,gravenprest,278,6
zhaozhmo,cryptomomo6,179,2
galchellemi,Galchellemi,"[{'code': 50, 'message': 'User not found.'}]",7
tonkimthinh76707,thanhnganhoang1,631,12
iroksox,iheartstonks,915,2
qq1463917242,longwanxing,50,36
cat1879,youyu1879,646,2
anhtuan90,EpThuan,129,18
t1213121okok,t1213121okok,395,4
nickbax,bax1337,2108,6
roocat2021,bitcoin_zl,263,6
vantoanpaya,toancryptobg,548,6
deeeeeo,svip_888,2228,20
mariyalabonita,mariahvirtmimi,263,27
damianosieka,damiano_sieka,209,3
rahul-dev9041,Rahul31760725,130,16
o4051253129,zacksxxxx,221,18
frankcryptra,frank_cryptra,291,10
6yeey,6yeey6,143,29
hottiebabegem,HottieBabeGem,56378,50
rosuva,RJHT0312,267,30
cg771106051,hi_dollars_army,"[{'code': 50, 'message': 'User not found.'}]",12
b-xyzz,B_xyzZ,98,18
jkdc3kdia,TuPan3,178,31
tonylee101,siroatz,168,2
arnob123,Arnobrazz_,334,10
koushikherle,koushikkherle,2000,32
seoserch,seoserch,2270,5
shamim06,Shamim066,2786,8
mykey222,zjk41341134,141,6
feiyulc,Fiyu555599,537,30
h134164678,eth_yinger,121,13
montiipilat,AlexKatnomov,291,11
theyavuzarslan,theyavuzarslan,312,22
kaselol,quiniyedios,204,40
onlooker12138,ermao1314,140,2
duffaluffaguss,duffaluffaguss,1002,18
roweyna,wang97915540,166,12
safigee,chakka_choka007,"[{'code': 50, 'message': 'User not found.'}]",11
benlakoff,benlakoff,5491,24
omgbenido,OMGBenido,342,13
btcmars,haibtc321,182,4
dangokun,mrphnft1,2883,12
mocao3813059,mocao3813059,147,2
hjainrock,Hjainrock,232,2
mahirsargun,sweet123lovely,1414,74
melca14,mj141986,430,10
reefpierre,libreetheureux,1676,6
capkoin,cappyz,645,2
sourabupadhya123,sourab_upadhyay,207,2
atanu25,Atanu252,113,11
blaziken11,blaziken9611,106,12
kryptofan,GsiPrzemek,143,2
chaos6174,chaos6174,"[{'code': 50, 'message': 'User not found.'}]",10
cryptowxw,0xooxx,"[{'code': 50, 'message': 'User not found.'}]",9
liuchaojin211,liuchaojin211,148,7
cow8772,cow87702,246,10
aslobodnik,alexslobodnik,597,2
coinmind,TED71608815,514,32
flashrekt,flashrekt,7031,8
bentosetc,digginard,122,13
cryptowpanda,cryptowpanda,"[{'code': 50, 'message': 'User not found.'}]",5
bizalog,Biubiuakita,236,35
you-8888,youyou46323582,117,8
allyhernandez,ahhsun_,285,5
vittawac,vittawac,216,2
ivandubr,Sonya_BladeBer,2254,2
qingfengzhibi,jamesbondcn,56,4
hehe2046,01MetaMan,300,4
jack199022,cryptork3,136,11
salman5254,salman53189747,121,11
senevrensel,partyguy_07,319,7
sanmishen001,sanmishen,111,12
haibtc123,haibtc123,401,37
zznatzz,CryptoC03744021,546,32
legendggdd,Legend32176016,130,36
lehoangha45335,candyloan7,284,6
tomisrelad,baodaxing,261,30
cryptorss,RiteshShrikant,6234,5
ftupas,fntupas,182,17
bachtiar58,bachtiar58_,443,20
farukomar7276,farukomar7569,159,2
balanlau,AdamLau_eth,130,3
mech100,Frozenjok,6408,2
molmol03,Hannasoriano10,256,3
mikebat01,mikebat01,127,42
wjdfx,hi_bitcoin,127,5
yaelahrip69,lordnobita7,"[{'code': 50, 'message': 'User not found.'}]",10
benpercifield,penbercifield,1283,2
gagansingla87,Gagansingla87,152,4
igglepiggle00,salaam4321,224,1
neosfusion08,guraa008,141,2
kevinmechalister,Cryptodabell,159,9
naijaguy234,jaysmyle,9697,4
mhaira05,miragreats,11646,12
libby08,libbychou,7089,20
azerinvest,azerinvest1,120,2
absanext,sadiq100x,"[{'code': 50, 'message': 'User not found.'}]",33
pandoshi69,PANDOSHI69,3150,2
rangoscq,big_rango,209,27
smink400,smintweets,271,49
babarkhaneth,khaanbabar,15,35
lzweth,Leo17061169,190,5
tkorsilver,mytkor,173,2
linkpjc,linkpjc,177,19
temidayore,Temiday55700762,281,6
jk1151,hefeifan119,85570,29
gaden456,DamonPowers5,120,2
syogaku-toushi,ussu_ussu_ussu,771,3
rechil10,sweet_rechil10,"[{'code': 50, 'message': 'User not found.'}]",6
vaybabayin,millerefecte,2221,16
ssup2k,ssup2k,269,10
oscarpalmario22,oscar19826,391,3
fengge201314,Lessismore1986,304,2
stephenpan,stephenzpp1,139,7
chakrapanivijayakumar,cvijay2014,208,2
zahidul0,zahidul02,389,7
ereyli,crypto_frt,547,13
hongweivv,0x_readone,144,2
tonytongxue,tonytongxue,429,22
xiemoting,xiemoting,151,31
chenriyu,chenriyu1,214,9
tobygold,_tobygold,"[{'code': 63, 'message': 'User has been suspended.'}]",2
andhika10,Akidz88,"[{'code': 50, 'message': 'User not found.'}]",10
treforest,forestre,123,4
jdariko45,AchmedZaman,"[{'code': 63, 'message': 'User has been suspended.'}]",31
sinouhe1,sinomont,560,1
rayjfab,rayjfab,"[{'code': 63, 'message': 'User has been suspended.'}]",8
ymo1215,dorio_eth,1764,5
rajdolla,Rajdolla,216,34
igormig77,igormig77,1003,16
vezir04,VezirFetahu04,"[{'code': 50, 'message': 'User not found.'}]",32
rhea170,CryptoKiri,334,7
kyp1994,neverland134,6094,11
xteemshara,XteemXchange,169,13
zihongren,zihongren,145,36
garinswari,blockairdrop,"[{'code': 50, 'message': 'User not found.'}]",15
wupanhui,youyouwo1115,173,42
begood2me,BeGoodBoutique,2316,25
xaochuk,xaochuk321,118,11
zaqwx08,zaqwx08,145,36
projectsx1,consciouslyogi,"[{'code': 50, 'message': 'User not found.'}]",40
chenhongwei1818,0x_writeone,172,2
djny45,Yogesh32224798,329,31
yijingo,lu_xxxia,227,23
chn1413800300,wenanchen7,118,14
iwillfly2020,mzhanghk,"[{'code': 50, 'message': 'User not found.'}]",13
xmenycg,matrix_neooo,297,7
pawaluodi2012,pawaluodi2012,139,36
mnsidik313,bitrie1,95,12
mrdavidbuoy,davidbuoy_,393,9
parami-pra,parami520,543,12
huanitka,Linar37273987,104,7
shreyaspapi,spapinwar,125,2
amplice,astr0bas3d,1006,13
bashar365,bashardundaye,187,13
j-ander,JanderSnstr,126,5
nianhua1113,NianHua1111,179,21
misterekko,overcrypto,"[{'code': 50, 'message': 'User not found.'}]",2
cba2121,00mehmet0011,97,35
sarveshagra,sarveshagra,109,28
leivinia1,leivinia9,570,2
bartezz19,bartezz19,345,18
robot-cyber,robot1066,357,17
ohld,danokhlopkov,4110,2
lordvegetaeth,BjWickz,509,13
mukyov,Mukyo20,2033,2
hardi24,HardiHermawan18,221,5
zqx210,cengmoon,227,6
aman147147,Aamir39358449,10515,2
guozilialulu,lvbatou123,5144,40
furryboar,Furry__Bear,1018,4
aniu1,zocyee,844,7
huancarlo,LinarKhal,716,7
pranjalboracrypto,1PranjalBora,1246,11
mskankanqiu,mskankanqiu,188,13
fanfan3143,meiying3143,203,4
travenesia,travenesia,8436,11
as23015601567ii,as230156,432,2
karmpfi,ONCU_AHMED,215,7
bennybolivar,ethbenny,302,48
birendra3d,birendra3d,307,39
laochubtc,laochu_eth,195,25
brightgsamuel,omotolanisoyemi,184,6
dcbuild3r,clemente_DCode,"[{'code': 50, 'message': 'User not found.'}]",34
monstercry,0x07e,131,11
jaxo4life,jason2lvlvlv,2227,15
apartalukder,apartalukder1,165,2
0xhker,KevinExpress,140,26
mi2valley,mi2valley,"[{'code': 50, 'message': 'User not found.'}]",4
zjliu6,zjliu1a,299,8
huda-7077,huda7077,780,31
tejjinxy,Tej10521715,102,2
erdincgumus,ErdincGumuss,1018,21
timucinylmz,tmcnylmz,211,17
linda11man,Linda_5711,229,9
cryptoekof,ekof,237,1
sammybright,brightgsamuel,355,7
driss2906,MichelM66927024,204,6
asoson,papapp_san,345,4
bikas54321,rasoul94453617,271,20
yang168371,bbao514,285,2
akitha17,RedBlAcKowl,1523,2
ens0x,aydn_enes,200,21
suckhept,Saurois,1512,2
dennisganlove,dnnsgan,"[{'code': 50, 'message': 'User not found.'}]",9
zemberek82,Vku,184,1
parrisonn,erik_parrisonn,171,9
patryk825,Patryk825,202,32
poleschuka,Poleschuka,1296,6
papachoi,CrytoMoony,412,16
icepy,i_icepy,655,10
zenthor23,crazyyy_chicken,539,35
onekill0503,GM_Aji123,141,8
teransformers,teransformers1,331,2
zhou0325,zhou0325,233,38
mram888,mram888,331,8
mlgape,0kdmad,186,4
ralph749,_diyamond,1092,20
ezeasy1d,ezeasy1d,359,15
pooja1214124,happsin12,213,24
plutus12,verbileisfp,198,18
outcomedapps,outcome_dapps,1523,2
kaycekeys,Biodunflash,507,2
vincentweisser,vincentweisser,3416,64
13777466266,Jessica88351300,231,2
hiamdoan,hiamdoan,193,15
mgcnb666,mgcnb666,142,37
innaalek,Inna05198695,537,4
e-zine,SantaVCryptos,212,3
noblepeter20,noblepeter2000,792,3
dikacream,Jeahyunp,"[{'code': 63, 'message': 'User has been suspended.'}]",13
tuananh12022,Xeko1202,152,10
qwe126266,zaq1262,525,11
easysunshine22,eaxysunshine_te,1777,10
thanaphatchyz,thanaphatchy,524,8
rastaba,babacrypto2,270,4
armansyah07,arman_mind,440,16
oscarkhor,zhihong05,226,10
hydeisabadfriend,Hyperanthroposc,219,2
oxhimanshu,_garghimanshu,121,31
tatlee69,tatlee69,920,42
camaro999,GssOcoSCcTDfCI3,"[{'code': 50, 'message': 'User not found.'}]",14
wumin90,wumin90,387,7
olasquare271,olacrypto,832,24
linggar155,Linggarsetiawa5,214,17
530475988,xiexieyixin,666,16
lemogras,bakiii_ee,"[{'code': 50, 'message': 'User not found.'}]",32
joeljkrb,joeljkrb,109,8
big1219,big1219,"[{'code': 63, 'message': 'User has been suspended.'}]",15
michael73141062,Michael73141062,167,17
sed111,nimarazaV,466,22
lan658868,DonahueSw,187,72
xiaoloudgb,xiaolouDGB,175,37
sagorkhan00,mehade10,103,2
duan9495,duan9495,406,7
semenka,asemen,193,23
belal29,NahianKabir9,875,2
charlyfresh,0xCharlyfresh,525,54
ardizor,ardizor,779,44
saintjaber,Shomareye11,128,1
wale217,w_a_l__e,113,48
maxallat,bestrichakyla,287,5
drbtk,BtkCollection,"[{'code': 50, 'message': 'User not found.'}]",10
nives247,PualaWhite,167,1
qingshe100,babygir520_eth,267,40
techouffin,naijaschoolg,227,14
wailok3,Angel62014,"[{'code': 50, 'message': 'User not found.'}]",2
wuyufanxin,wuyufanxin,166,14
todd-zhaoge,zhaoge81539726,101,21
zssbecker,777_Earth2,455,12
ceci1111,JESS14JAM,116,36
b-lenta,RoyalBllood,109,10
xx653,xugaohua8120789,1088,36
ayennn,karenmcabuse,274,7
mrthienbao,StevenN71114104,102,14
evarich,jtitus2000,327,9
yeye-yeye,2689841724qqco1,"[{'code': 50, 'message': 'User not found.'}]",2
zgs1983,mrbamn1983,170,31
bdas23791,Arpita468,108,18
chhotu24,olivertylor3,475,29
xiaoma1643,shimaxiaohuaa,"[{'code': 50, 'message': 'User not found.'}]",50
imdear,sxxsxxsxxpk,"[{'code': 50, 'message': 'User not found.'}]",4
yuito3,yuito93506117,297,8
henry412,licrazy01,"[{'code': 50, 'message': 'User not found.'}]",10
githjason,jetengine11,1392,36
region42,TSEQLl2vAcq1Fy8,2370,15
yujinmuahh,Kwonderkiid,136,14
jinnguyenvt,Jinnguyenvt,123,14
muhamad-ramadhani,njirsidhani,642,5
caniggia32,caniggia32,105,7
bitjana,1Bitjana,258,15
luyifanfange,luyifan_eth,125,8
ichaichai,DogPeoples,3801,5
pcare2019,Ngocdiep2911,288,10
oppops,skybytee,153,2
vxx7141,Toon_gawd,385,18
ogunleyeseyi800,Ogunley77838151,259,6
shivam182thor,Nihalvishwaka19,180,4
mjr01,CryptoperLol,289,43
jackjoke1,skyfuture_come,108,2
rajeshb62,Rajesh62,314,30
ffsociety2,beyzaylmz35,105,4
clark131,tadonsy,186,13
aydmainofficial,aydmain2,"[{'code': 50, 'message': 'User not found.'}]",19
akuikisopozo,akuikisopozo,135,12
packerbj,igor_krasulya,374,2
ws2804763210,ws280476,170,21
wljn001,wljn001,140,36
darkdragonzzz,darkdragonzzz1,1721,6
ponyzz,ponyz19,"[{'code': 50, 'message': 'User not found.'}]",3
yimiyg828,yimiyg2,215,3
tuanairdrop,tuandt,203,9
yanlinglai,yansir1111,122,36
okex8181,okex8181,258,35
bobjiang,bobjiang123,1907,7
noahcuri,noahSfL,245,7
bogun0001,bogun7777,334,2
jpsarma,JPS73028701,297,105
elderorb,elderorb,365,2
polohuang75,polohaq,"[{'code': 63, 'message': 'User has been suspended.'}]",2
cyberkc,cyberkc82,"[{'code': 50, 'message': 'User not found.'}]",3
hashigocchi,hashigocchi,"[{'code': 50, 'message': 'User not found.'}]",2
bloomstarbms,bloomstarbms,1061,7
tripluca,tripluca,820,3
teibaman,cgndxmg,133,7
jennalyn20,Bullish49,347,42
0xashu,ashu_eth,412,2
aj258013,jingjin51691169,150,2
2sympatheia,Sympatheia2,109,2
cryptolamer,Crypto_Lamer,3198,16
l12120928,Ayue188,121,2
biboudam,Max32263629,117,26
xx3698,iDqjzwPv4JrxZYB,"[{'code': 50, 'message': 'User not found.'}]",2
lucadgtrip,tripscommunity,2329,4
cryptojr,cryptojr7,400,2
mili137106,MiladRezaie15,117,7
snowymaple,colinwong771,148,32
evansugar,Evan41264519,303,2
nerotarbo,wy_yct,92,40
ipfsxian,IPFSxian,57,12
mgsre1999,Mgsre1999,1003,13
dophuduc,ClemKit24,"[{'code': 50, 'message': 'User not found.'}]",5
bitcoinzhang1,bitcoinzhang1,34511,119
jingweizou,zoujw,719,36
allexiz22,allexiz22,"[{'code': 50, 'message': 'User not found.'}]",11
atomatomo,atomatomo,131,4
lw1992,stayfoolNhungry,369,2
araonft,araojpn,2866,3
jjcattt,callllllnft,"[{'code': 50, 'message': 'User not found.'}]",51
aawww777,w199604,142,21
xhao123456,xiaohao67942591,271,11
aeiouetc,crypto_defibtc,"[{'code': 50, 'message': 'User not found.'}]",7
nohussle,HussleNo,265,14
mi1899lan,mi1899lan,895,12
greatmarj,greatmarj,569,22
nut1shot,nut1shot,171,5
tomkaka1,tomkaka321,108,6
zhongjin188,zhongji15849020,411,13
agil90,FebrySaput,513,33
iskylark,CryptooSkylark,458,5
ichicoin,ichi3270,199,4
mehdi00749,mehdiaghili0074,215,24
alifikri123,yhahaha_hayukk,388,4
wwbustb,xiaocaoustb,751,6
jennyywu,BitFlowerNews,555,33
lg7877,wubai0900eth,190,10
kleist486,Kleist65514483,"[{'code': 50, 'message': 'User not found.'}]",40
llporzall,llPorZall,2130,4
sharath117,Sharath_9,4169,39
mooping88,Mooping_KU,350,8
chenhongwei,0x_flyone,181,2
krzysztof2301,cryptobi10,334,5
kayctiong,KaycTiong,164,5
aeioueth,crypto_defibtc,"[{'code': 50, 'message': 'User not found.'}]",8
afrojackleo,Messi61520,157,8
gilafx,vladgilka,"[{'code': 50, 'message': 'User not found.'}]",5
sunnybest11,ug_becky,166,24
ganadores11,RealGanadores,106,2
670312120,Quintus_ssss,195,34
neilgithub2021,BtcPapillon,136,30
janfer88,besfrence,702,7
iceman028,crycrypto39,236,32
whiteobj,white_obj,178,5
jngc2020,jngc2020,331,2
hamidath,hamidooo64,142,4
imblackjack1,lancha1927,177,42
xbwl20,li2w25,92,31
cuddlykitten88,MsMai_88,1888,48
aramzcrypto,arammebashar,1718,27
ckcly,xiaobai279,301,2
qiushaoxi,JosQiu,692,2
sirapopv,sirapopv,240,5
g64355,g64354,170,2
acryptoverse,acryptoverse,11311,17
tz8899,tz19186,298,41
lich1122,xuan1652,"[{'code': 50, 'message': 'User not found.'}]",36
rexi-ctrl,rexinurulfajri,357,19
cray12,marcuszhao8,192,21
ludekvodicka,ludekvodicka,119,7
slhyt,haci_haytaoglu,118,8
bsklwd2,fareastfracta,672,4
younih,justyouni_h,120,15
pokl88,pokl888,392,44
jackieyewang,CryptooSpecter,1748,7
bestfriendyb9x,trangxau1,"[{'code': 50, 'message': 'User not found.'}]",7
u54893,aseptubagus5,340,11
naihe11,naihe66132896,161,26
lofther,LoftHeR,212,4
billylyl,billylyl,204,9
gingerale1988,Gingerale1988,293,2
amrhos7,siramirhosein,288,7
harryanyin,niuhairui0115,155,11
karenmcabuze,Besmae19,3133,34
fangkyruslandy,EosHunters,160,7
joydxofficial,Joydx8,746,16
tanisland,Tansei13,161,53
blmaster1,blmasterr,246,4
zainizd,Zainizda,202,11
haolan-platonworld,HL_PlatONWorld,"[{'code': 50, 'message': 'User not found.'}]",27
stephenwow,stephen784533,"[{'code': 50, 'message': 'User not found.'}]",2
chessmaster2077,EminemCrypto,953,2
taurenshaman,taurenshaman,287,22
viethung133,yogaandlhealth,154,5
madahmad2000,fadkhullah,139,7
xunfa2019,4L1BtwdkbXiNbPd,"[{'code': 50, 'message': 'User not found.'}]",3
jhonbin,mikeking1111,"[{'code': 50, 'message': 'User not found.'}]",1
samloko,Samiskingsameey,228,34
joydrake,Moore819Moore,135,2
makipoyo0605,makippa,873,2
jianan886,Jacklee886,215,8
frozenblitzs01,beluyoung,"[{'code': 63, 'message': 'User has been suspended.'}]",31
frankcase571,NancyJNFT,179,2
vuthecong,Congvu163,183,36
tyaga321,arkaismail2,"[{'code': 63, 'message': 'User has been suspended.'}]",29
agatharesty,handygoey,210,2
kooyh,KOO_YH,189,2
serizawasele,serizaw89784768,249,4
paro23,yuto1ebi25,198,11
clownfish-e,Clownfish_E,105,3
blokslabs,Blokslabs,234,4
iamchono,murton_,111,5
calmanchen,Calman16910515,37010,2
xiaocongzi123,CryptoGangster6,257,6
arnoldcns,Arnold_CNS,287,2
gyanne,mahika4i,753,50
airdropdrone,Reziemax,1389,21
dola1688,zbyydl444444,746,8
kessyboy,kessyboy1,278,3
ssiiki,scryptos14,175,4
ojizoufx,minago647,"[{'code': 50, 'message': 'User not found.'}]",4
skr8888,bi8bo_cf,"[{'code': 50, 'message': 'User not found.'}]",4
spiperah,testnethooman,"[{'code': 50, 'message': 'User not found.'}]",17
notbadjattz,notbadjattz,535,8
edwardtay,iamedwardtay,3800,25
jaylen02,lenlen50131925,336,14
farzad7797,farz4d_,186,3
eriksuazo95,eriksuazo2,163,16
pnoq,qgpn649,205,2
antipoison26,CryptoMD26,352,2
michaelwong666,michaelwong123,842,2
mogukong,Chongloving,289,2
is0210,bitcoinyan,"[{'code': 50, 'message': 'User not found.'}]",3
totomal,totomal090202,436,22
19812021,Manojya67345756,162,8
certez,isaLpOkidQ,277,14
jeffand-1,sadfrog233,4032,4
mrstillalive,mr_stillalive,185,8
juejiang1998,mda_todamoon,348,8
black1771,Vedattelli18,295,2
hilmi218,Beni_kels,366,31
habekasetiawan,zion_adit,"[{'code': 63, 'message': 'User has been suspended.'}]",10
carstenpoetter,carstenpoetter,453,2
pkhemapet,PKhemapet,141,4
bule84,shuiyuhang,179,11
zani777,zani27327205,187,61
mancreative,pixelspoet,477,4
witold666,Witold36402913,144,2
raindrop504,QrezelM,158,16
poomink,poupee999,332,4
zcw-2020,zhengchengwen,192,1
alvinagustus,Alvinagustus,326,9
hifoxdot,cnkefu,163,17
dwarfina18,BethNo7,280,11
libert19,LibertBrown,"[{'code': 50, 'message': 'User not found.'}]",6
main320,mainuddin_MC,"[{'code': 50, 'message': 'User not found.'}]",29
bolom,bolomichelin,1211,2
qiannli,Sgmvg6X,87,25
calcexeapk123,HOANGSK_1807,354,8
dylanttse,cheusol,1,6
woojin138,yp_ab5,1078,7
bhim2,BhimKumarMahan1,111,8
fccxw,fccxw,668,21
diegoleal8802,gcompartidas1,"[{'code': 50, 'message': 'User not found.'}]",8
zeroyeung,zeroyeung,888,44
shahid1956,SHAHIDALISYED7,639,2
themoonether,themoonether,663,3
loganzc,Logan_ZC,146,2
irman1996,IrSykes,1276,42
ferat8,ferad00866,1625,8
minmingsm,TubiHoldings,"[{'code': 50, 'message': 'User not found.'}]",5
chensongyu,ahogerr,200,10
wongqing1688,Wong21117804,163,1
xybcoder,Vinson666666,236,4
linlin8599,titi9laem,198,11
okieseth,okieseth,142,15
realynf,Realyn20000879,833,47
miftakya,miftakya2,264,31
b19bay,b19bay,381,42
tracedao,Web3_Altruist,552,8
sanyuejiwang,lesliedeng7,321,35
udo4649,Enigma10112870,352,3
hphuoc27,quanminh27,173,2
seizigou,aoizi,817,5
bruceslooooo,bruceslooooo,124,3
yuzuru99,Sak2eWae,192,2
azippy,alexj9555,245,3
hankcrypto,crypto_inno,120,4
taoba163,taoba163,218,5
essaimess,Sms______,3077,7
chorchain,YourAirdropEth,14941,20
sasa08,darrenlu86,116,5
zerpajose,zerpajose,229,16
tssandor,sandorreport,2413,25
herofang,HeroFang5,160,2
tangfi,tk20141019,433,50
jim3333,ben77197581,2392,6
sophiamae23,SophiaMae_023,197,22
nyusmc81,NYusmc81,157,2
hiroyuki207,moxen206,5296,2
yuanyueling,shangdu2005,177,16
nicabarnimble,nicabar,629,19
sksxhxh,sksxhxh1,283,15
genaachu1,GenaAchu,"[{'code': 63, 'message': 'User has been suspended.'}]",24
onthebull,onthebull,5808,2
dannyphan,0xdanny16,"[{'code': 50, 'message': 'User not found.'}]",7
nanqidemingzi,DragonKingcn,165,2
nickobinna,Nickky321,387,21
byneanea,by21252059,158,17
zsandwf,123radish,429,2
connoroday,connoroday0,1837,5
hai-yr,rightmantis,1177,7
2pai,iqbalsyaa,5723,6
xtasand,cryptovation,"[{'code': 63, 'message': 'User has been suspended.'}]",51
pearsonlucas,pearsonlucas1,161,6
fathoni6,Karepku_to,2361,2
nekonyun,nyun_ai_shin,2447,2
jaredcohe,jaredcohe,1830,2
lewii1,LMPemberthy,298,11
mrbluesg,mrbluesg17,943,9
mashbox77,nadirachemat,683,10
jaysonkit241990,JKit24,290,20
djumik12,jonymusoevnft,963,3
kk0426,zhangmin0426,555,2
l0rd5n0w,Parzival_snow,271,10
